va,pa,bank_class,score_vs_rep
0x7da492e00000,0x0000000c788aa000,0,1.000
0x7da492e01000,0x0000000a8903b000,0,1.399
0x7da492e02000,0x0000000c79127000,0,1.289
0x7da492e03000,0x00000003f449b000,0,1.389
0x7da492e04000,0x0000000447754000,0,1.667
0x7da492e05000,0x00000003d3348000,0,1.631
0x7da492e06000,0x00000008f19a7000,1,1.243
0x7da492e07000,0x0000000868f18000,0,1.618
0x7da492e08000,0x0000000c790f1000,1,1.569
0x7da492e09000,0x00000007006ad000,1,1.640
0x7da492e0a000,0x00000003aa553000,1,1.597
0x7da492e0b000,0x00000001e305c000,0,1.573
0x7da492e0c000,0x00000003ee6d3000,1,1.670
0x7da492e0d000,0x00000003f73d5000,1,1.682
0x7da492e0e000,0x0000000a56b75000,1,1.601
0x7da492e0f000,0x0000000aa7c93000,1,1.712
0x7da492e10000,0x0000000915def000,1,1.633
0x7da492e11000,0x0000000b57711000,1,1.656
0x7da492e12000,0x0000000c48f68000,0,1.527
0x7da492e13000,0x0000000489262000,0,1.550
0x7da492e14000,0x000000078fa57000,1,1.633
0x7da492e15000,0x0000000c145c0000,0,1.543
0x7da492e16000,0x0000000499e5e000,0,1.595
0x7da492e17000,0x00000005f65f3000,1,1.657
0x7da492e18000,0x0000000539cda000,0,1.544
0x7da492e19000,0x00000003a9eb3000,1,1.634
0x7da492e1a000,0x0000000c29861000,1,1.731
0x7da492e1b000,0x000000084c43d000,1,1.609
0x7da492e1c000,0x0000000a1b1cc000,0,1.664
0x7da492e1d000,0x0000000c71fe4000,0,1.613
0x7da492e1e000,0x0000000c71fe0000,0,1.615
0x7da492e1f000,0x0000000c71ffb000,1,1.729
0x7da492e20000,0x0000000c71ff5000,1,1.760
0x7da492e21000,0x0000000c71ff9000,1,1.635
0x7da492e22000,0x0000000c71ff8000,0,1.636
0x7da492e23000,0x0000000c71fe7000,1,1.594
0x7da492e24000,0x0000000c71fe6000,0,1.593
0x7da492e25000,0x0000000c71fe5000,1,1.588
0x7da492e26000,0x0000000c71fef000,1,1.598
0x7da492e27000,0x00000004ee9c8000,0,1.674
0x7da492e28000,0x0000000bd460e000,0,1.643
0x7da492e29000,0x00000008eb9d8000,0,1.618
0x7da492e2a000,0x0000000c71fe1000,1,1.573
0x7da492e2b000,0x0000000c54b08000,0,1.641
0x7da492e2c000,0x00000009d9763000,1,1.654
0x7da492e2d000,0x0000000a8d59b000,1,1.685
0x7da492e2e000,0x00000006929e2000,0,1.582
0x7da492e2f000,0x0000000c79bae000,0,1.648
0x7da492e30000,0x0000000c79be4000,0,1.532
0x7da492e31000,0x0000000c77c25000,1,1.681
0x7da492e32000,0x0000000c797dc000,0,1.629
0x7da492e33000,0x0000000733281000,1,1.594
0x7da492e34000,0x0000000c79bb0000,0,1.611
0x7da492e35000,0x0000000b88b1c000,0,1.522
0x7da492e36000,0x00000009ace73000,1,1.664
0x7da492e37000,0x0000000c79b8e000,0,1.615
0x7da492e38000,0x0000000708a70000,0,1.668
0x7da492e39000,0x0000000c79b91000,1,1.731
0x7da492e3a000,0x0000000644b11000,1,1.663
0x7da492e3b000,0x00000009c2349000,1,1.664
0x7da492e3c000,0x0000000b699c0000,0,1.554
0x7da492e3d000,0x0000000c4bc4f000,1,1.727
0x7da492e3e000,0x0000000c79b8c000,0,1.597
0x7da492e3f000,0x0000000c79ac0000,0,1.589
0x7da492e40000,0x0000000b88bad000,1,1.636
0x7da492e41000,0x0000000c79ae4000,0,1.524
0x7da492e42000,0x0000000c79ae7000,1,1.724
0x7da492e43000,0x0000000c79728000,0,1.601
0x7da492e44000,0x0000000c797ae000,0,1.566
0x7da492e45000,0x0000000c79ae0000,0,1.611
0x7da492e46000,0x0000000708a77000,1,1.730
0x7da492e47000,0x00000003cd0a1000,1,1.572
0x7da492e48000,0x0000000c79988000,0,1.520
0x7da492e49000,0x0000000c77f17000,1,1.726
0x7da492e4a000,0x0000000c665c7000,1,1.770
0x7da492e4b000,0x0000000c667df000,1,1.726
0x7da492e4c000,0x0000000c79b98000,0,1.521
0x7da492e4d000,0x00000005ea074000,0,1.611
0x7da492e4e000,0x00000002abaaa000,0,1.546
0x7da492e4f000,0x0000000c54ece000,0,1.661
0x7da492e50000,0x0000000c5ff96000,0,1.684
0x7da492e51000,0x0000000c71fff000,1,1.644
0x7da492e52000,0x0000000c71ff2000,0,1.523
0x7da492e53000,0x0000000c71ffa000,0,1.610
0x7da492e54000,0x0000000c71ffd000,1,1.739
0x7da492e55000,0x0000000c71fe3000,1,1.637
0x7da492e56000,0x0000000c71ff7000,1,1.730
0x7da492e57000,0x000000077dbb7000,1,1.734
0x7da492e58000,0x0000000bc45e6000,0,1.686
0x7da492e59000,0x0000000c71fee000,0,1.647
0x7da492e5a000,0x0000000c71ff4000,0,1.627
0x7da492e5b000,0x0000000c71ff0000,0,1.481
0x7da492e5c000,0x00000009d9331000,1,1.573
0x7da492e5d000,0x0000000214fd4000,0,1.522
0x7da492e5e000,0x00000005bd526000,0,1.564
0x7da492e5f000,0x000000046b129000,1,1.636
0x7da492e60000,0x00000004f1bec000,0,1.644
0x7da492e61000,0x000000044c808000,0,1.657
0x7da492e62000,0x000000042ccf3000,1,1.751
0x7da492e63000,0x00000007059f3000,1,1.721
0x7da492e64000,0x000000041cc26000,0,1.625
0x7da492e65000,0x00000007f5f69000,1,1.635
0x7da492e66000,0x00000003f6228000,0,1.637
0x7da492e67000,0x000000061a2d2000,0,1.606
0x7da492e68000,0x0000000b7d249000,1,1.572
0x7da492e69000,0x000000035ab41000,1,1.636
0x7da492e6a000,0x00000003ed8ae000,0,1.526
0x7da492e6b000,0x0000000b8da85000,1,1.655
0x7da492e6c000,0x00000008bc5e7000,1,1.633
0x7da492e6d000,0x00000009ac95a000,0,1.609
0x7da492e6e000,0x00000006b5385000,1,1.736
0x7da492e6f000,0x0000000479de2000,0,1.643
0x7da492e70000,0x00000005a6bd6000,0,1.628
0x7da492e71000,0x00000003aa7c1000,1,1.635
0x7da492e72000,0x0000000be26e4000,0,1.616
0x7da492e73000,0x000000038c7e3000,1,1.772
0x7da492e74000,0x00000005b9f44000,0,1.567
0x7da492e75000,0x000000073cd82000,0,1.478
0x7da492e76000,0x000000066d68a000,0,1.629
0x7da492e77000,0x00000007f5d0d000,1,1.721
0x7da492e78000,0x0000000bba525000,1,1.659
0x7da492e79000,0x000000088c205000,1,1.743
0x7da492e7a000,0x0000000b21737000,1,1.663
0x7da492e7b000,0x0000000404b81000,1,1.575
0x7da492e7c000,0x000000075d308000,0,1.615
0x7da492e7d000,0x00000002a6ff1000,1,1.621
0x7da492e7e000,0x00000001495fd000,1,1.773
0x7da492e7f000,0x00000001f1cb2000,0,1.610
0x7da492e80000,0x000000073cb34000,0,1.606
0x7da492e81000,0x000000026eae7000,1,1.666
0x7da492e82000,0x000000080c79a000,0,1.598
0x7da492e83000,0x00000007de05b000,1,1.647
0x7da492e84000,0x0000000be6698000,0,1.552
0x7da492e85000,0x0000000904124000,0,1.630
0x7da492e86000,0x00000008db471000,1,1.572
0x7da492e87000,0x00000005eeb9b000,1,1.638
0x7da492e88000,0x0000000c257f4000,0,1.572
0x7da492e89000,0x0000000782ffe000,0,1.614
0x7da492e8a000,0x000000065756a000,0,1.638
0x7da492e8b000,0x0000000499182000,0,1.579
0x7da492e8c000,0x0000000baafdb000,1,1.697
0x7da492e8d000,0x000000099f955000,1,1.695
0x7da492e8e000,0x00000009ee67c000,0,1.598
0x7da492e8f000,0x00000008b12d3000,1,1.730
0x7da492e90000,0x0000000bb3026000,0,1.527
0x7da492e91000,0x00000008c0a9b000,1,1.685
0x7da492e92000,0x000000077a307000,1,1.572
0x7da492e93000,0x0000000b0f9b5000,1,1.657
0x7da492e94000,0x00000006ae799000,1,1.665
0x7da492e95000,0x0000000579f1a000,0,1.653
0x7da492e96000,0x00000004dcaac000,0,1.618
0x7da492e97000,0x0000000733000000,0,1.500
0x7da492e98000,0x0000000c420b1000,1,1.593
0x7da492e99000,0x0000000818514000,0,1.619
0x7da492e9a000,0x0000000c2cab9000,1,1.638
0x7da492e9b000,0x0000000c5ea7e000,0,1.610
0x7da492e9c000,0x0000000a8d051000,1,1.707
0x7da492e9d000,0x00000008c3b79000,1,1.681
0x7da492e9e000,0x0000000439540000,0,1.608
0x7da492e9f000,0x0000000c13751000,1,1.633
0x7da492ea0000,0x00000006f7d6f000,1,1.635
0x7da492ea1000,0x0000000a94c4a000,0,1.478
0x7da492ea2000,0x0000000b993f8000,0,1.613
0x7da492ea3000,0x0000000830e62000,0,1.656
0x7da492ea4000,0x0000000729a43000,1,1.635
0x7da492ea5000,0x000000065b70d000,1,1.743
0x7da492ea6000,0x00000005fbf3e000,0,1.592
0x7da492ea7000,0x00000001f7784000,0,1.626
0x7da492ea8000,0x00000003d8869000,1,1.709
0x7da492ea9000,0x0000000935144000,0,1.618
0x7da492eaa000,0x0000000597160000,0,1.567
0x7da492eab000,0x0000000415e43000,1,1.752
0x7da492eac000,0x000000036f128000,0,1.481
0x7da492ead000,0x00000007b6750000,0,1.640
0x7da492eae000,0x000000043dbeb000,1,1.595
0x7da492eaf000,0x0000000b4c91a000,0,1.616
0x7da492eb0000,0x000000048afa6000,0,1.499
0x7da492eb1000,0x00000008ac37f000,1,1.732
0x7da492eb2000,0x0000000af36c5000,1,1.657
0x7da492eb3000,0x000000077416b000,1,1.643
0x7da492eb4000,0x0000000a920e6000,0,1.638
0x7da492eb5000,0x0000000a8eb37000,1,1.659
0x7da492eb6000,0x0000000599e73000,1,1.658
0x7da492eb7000,0x0000000c567e1000,1,1.670
0x7da492eb8000,0x0000000561b0a000,0,1.636
0x7da492eb9000,0x0000000792ad3000,1,1.689
0x7da492eba000,0x0000000c567f6000,0,1.614
0x7da492ebb000,0x0000000a8e91a000,0,1.590
0x7da492ebc000,0x0000000a1c1b5000,1,1.663
0x7da492ebd000,0x00000004add46000,0,1.538
0x7da492ebe000,0x0000000ab5139000,1,1.653
0x7da492ebf000,0x0000000304392000,0,1.611
0x7da492ec0000,0x0000000b6d63c000,0,1.571
0x7da492ec1000,0x0000000748a8b000,1,1.767
0x7da492ec2000,0x0000000c5c1ba000,0,1.563
0x7da492ec3000,0x000000039cf8f000,1,1.689
0x7da492ec4000,0x0000000708604000,0,1.596
0x7da492ec5000,0x00000007330e9000,1,1.733
0x7da492ec6000,0x0000001754643000,1,1.737
0x7da492ec7000,0x000000099fea4000,0,1.607
0x7da492ec8000,0x00000006910cb000,1,1.602
0x7da492ec9000,0x0000000abc022000,0,1.659
0x7da492eca000,0x0000000ac2af1000,1,1.573
0x7da492ecb000,0x0000000b314cf000,1,1.703
0x7da492ecc000,0x0000000a15df2000,0,1.560
0x7da492ecd000,0x0000000a827d7000,1,1.646
0x7da492ece000,0x0000000c7672d000,1,1.574
0x7da492ecf000,0x000000087a8f0000,0,1.618
0x7da492ed0000,0x0000000c530c0000,0,1.621
0x7da492ed1000,0x00000003b3645000,1,1.757
0x7da492ed2000,0x0000000c4181c000,0,1.616
0x7da492ed3000,0x000000058f227000,1,1.637
0x7da492ed4000,0x0000000a243da000,0,1.611
0x7da492ed5000,0x0000000380b33000,1,1.634
0x7da492ed6000,0x000000079e8a2000,0,1.499
0x7da492ed7000,0x0000000c7926c000,0,1.594
0x7da492ed8000,0x0000000c54e20000,0,1.480
0x7da492ed9000,0x0000000c34b11000,1,1.635
0x7da492eda000,0x0000000c5504e000,0,1.618
0x7da492edb000,0x0000000c71ffc000,0,1.519
0x7da492edc000,0x0000000c71ff3000,1,1.698
0x7da492edd000,0x0000000c71ff1000,1,1.691
0x7da492ede000,0x0000000c71ffe000,0,1.479
0x7da492edf000,0x0000000ad5e06000,0,1.557
0x7da492ee0000,0x0000000354af7000,1,1.615
0x7da492ee1000,0x00000005ae543000,1,1.638
0x7da492ee2000,0x00000008903d8000,0,1.611
0x7da492ee3000,0x0000000aa81d7000,1,1.726
0x7da492ee4000,0x00000006721b3000,1,1.646
0x7da492ee5000,0x000000069583e000,0,1.637
0x7da492ee6000,0x0000000a95f9e000,0,1.541
0x7da492ee7000,0x00000009cb78d000,1,1.636
0x7da492ee8000,0x0000000ac2181000,1,1.640
0x7da492ee9000,0x0000000b4e131000,1,1.653
0x7da492eea000,0x000000086344b000,1,1.706
0x7da492eeb000,0x00000004e8dfe000,0,1.525
0x7da492eec000,0x0000000c49a55000,1,1.637
0x7da492eed000,0x000000075208c000,0,1.532
0x7da492eee000,0x0000000631d87000,1,1.637
0x7da492eef000,0x0000000a8dc19000,1,1.574
0x7da492ef0000,0x0000000a8df77000,1,1.611
0x7da492ef1000,0x0000000b70ba1000,1,1.635
0x7da492ef2000,0x00000009d81de000,0,1.663
0x7da492ef3000,0x00000009324ab000,1,1.725
0x7da492ef4000,0x0000000c56751000,1,1.728
0x7da492ef5000,0x0000000c74486000,0,1.621
0x7da492ef6000,0x0000000c74481000,1,1.668
0x7da492ef7000,0x0000000c7447d000,1,1.706
0x7da492ef8000,0x000000084039d000,1,1.636
0x7da492ef9000,0x0000000c76e7f000,1,1.637
0x7da492efa000,0x00000003d6a89000,1,1.636
0x7da492efb000,0x0000000c4d650000,0,1.593
0x7da492efc000,0x0000000c78270000,0,1.596
0x7da492efd000,0x0000000c772ff000,1,1.576
0x7da492efe000,0x0000000c76e38000,0,1.598
0x7da492eff000,0x0000000c76e01000,1,1.728
0x7da492f00000,0x0000000c32be6000,0,1.611
0x7da492f01000,0x0000000c32be0000,0,1.566
0x7da492f02000,0x0000000c76d35000,1,1.745
0x7da492f03000,0x0000000c76c18000,0,1.552
0x7da492f04000,0x00000003ccfc7000,1,1.661
0x7da492f05000,0x0000000c5cb3d000,1,1.693
0x7da492f06000,0x0000000a928d7000,1,1.711
0x7da492f07000,0x0000000bc85ee000,0,1.542
0x7da492f08000,0x0000000c76b6c000,0,1.531
0x7da492f09000,0x0000000c768ba000,0,1.639
0x7da492f0a000,0x0000000c768b6000,0,1.612
0x7da492f0b000,0x0000000c768aa000,0,1.639
0x7da492f0c000,0x0000000c766d7000,1,1.661
0x7da492f0d000,0x0000000c7666f000,1,1.700
0x7da492f0e000,0x0000000c765a6000,0,1.635
0x7da492f0f000,0x0000000c7658b000,1,1.728
0x7da492f10000,0x0000000c76580000,0,1.539
0x7da492f11000,0x0000000c62752000,0,1.654
0x7da492f12000,0x0000000c626c7000,1,1.730
0x7da492f13000,0x0000000c626c4000,0,1.605
0x7da492f14000,0x0000000c626be000,0,1.593
0x7da492f15000,0x0000000c626bc000,0,1.621
0x7da492f16000,0x0000000c62660000,0,1.616
0x7da492f17000,0x0000000c6265b000,1,1.648
0x7da492f18000,0x0000000c62658000,0,1.569
0x7da492f19000,0x0000000c6263a000,0,1.637
0x7da492f1a000,0x0000000c48362000,0,1.535
0x7da492f1b000,0x0000000c48359000,1,1.640
0x7da492f1c000,0x0000000c48361000,1,1.662
0x7da492f1d000,0x0000000c6ea49000,1,1.696
0x7da492f1e000,0x0000000c6ea46000,0,1.523
0x7da492f1f000,0x0000000c6ea43000,1,1.637
0x7da492f20000,0x0000000c7628f000,1,1.644
0x7da492f21000,0x0000000c7601d000,1,1.749
0x7da492f22000,0x0000000c75dd8000,0,1.522
0x7da492f23000,0x0000000c75c12000,0,1.568
0x7da492f24000,0x0000000c75b53000,1,1.657
0x7da492f25000,0x0000000c75e39000,1,1.729
0x7da492f26000,0x0000000c75b12000,0,1.607
0x7da492f27000,0x0000000c75b01000,1,1.641
0x7da492f28000,0x0000000c7579a000,0,1.607
0x7da492f29000,0x0000000c7554c000,0,1.599
0x7da492f2a000,0x0000000c7550a000,0,1.610
0x7da492f2b000,0x0000000c75248000,0,1.662
0x7da492f2c000,0x0000000c751be000,0,1.610
0x7da492f2d000,0x0000000c74fe5000,1,1.710
0x7da492f2e000,0x0000000c74de9000,1,1.627
0x7da492f2f000,0x0000000c74de4000,0,1.569
0x7da492f30000,0x0000000c74bf1000,1,1.575
0x7da492f31000,0x0000000c74beb000,1,1.730
0x7da492f32000,0x0000000c74be9000,1,1.684
0x7da492f33000,0x0000000c74b68000,0,1.498
0x7da492f34000,0x0000000c74b64000,0,1.538
0x7da492f35000,0x0000000c74b56000,0,1.562
0x7da492f36000,0x0000000c74b63000,1,1.695
0x7da492f37000,0x0000000c74c7a000,0,1.565
0x7da492f38000,0x0000000c74b4c000,0,1.657
0x7da492f39000,0x0000000c74ab0000,0,1.524
0x7da492f3a000,0x0000000c74a85000,1,1.709
0x7da492f3b000,0x0000000c74a5a000,0,1.596
0x7da492f3c000,0x0000000c74a52000,0,1.614
0x7da492f3d000,0x0000000c749e2000,0,1.610
0x7da492f3e000,0x0000000c749c9000,1,1.658
0x7da492f3f000,0x0000000c749bf000,1,1.730
0x7da492f40000,0x0000000c74860000,0,1.678
0x7da492f41000,0x0000000c7474b000,1,1.661
0x7da492f42000,0x0000000c74594000,0,1.615
0x7da492f43000,0x0000000c74530000,0,1.609
0x7da492f44000,0x0000000c5b908000,0,1.554
0x7da492f45000,0x0000000795fa9000,1,1.578
0x7da492f46000,0x00000007fa11b000,1,1.697
0x7da492f47000,0x0000000acd13b000,1,1.738
0x7da492f48000,0x0000000ad669f000,1,1.606
0x7da492f49000,0x0000000976451000,1,1.662
0x7da492f4a000,0x00000001a76ab000,1,1.731
0x7da492f4b000,0x0000000398c55000,1,1.716
0x7da492f4c000,0x000000061c56e000,0,1.566
0x7da492f4d000,0x0000000c55c28000,0,1.525
0x7da492f4e000,0x0000000b11494000,0,1.610
0x7da492f4f000,0x0000000c5268a000,0,1.500
0x7da492f50000,0x0000000c7c835000,1,1.613
0x7da492f51000,0x0000000c7bc29000,1,1.636
0x7da492f52000,0x00000007eb3e6000,0,1.613
0x7da492f53000,0x0000000b92a21000,1,1.664
0x7da492f54000,0x0000000c36315000,1,1.680
0x7da492f55000,0x00000001f32fa000,0,1.593
0x7da492f56000,0x0000000c563b2000,0,1.610
0x7da492f57000,0x0000000967ba6000,0,1.592
0x7da492f58000,0x0000000699933000,1,1.656
0x7da492f59000,0x0000000c35200000,0,1.534
0x7da492f5a000,0x0000000c16627000,1,1.695
0x7da492f5b000,0x00000003b353f000,1,1.613
0x7da492f5c000,0x0000000c77b10000,0,1.616
0x7da492f5d000,0x0000000c463d0000,0,1.522
0x7da492f5e000,0x000000073f737000,1,1.727
0x7da492f5f000,0x0000000c3475e000,0,1.542
0x7da492f60000,0x0000000c377f9000,1,1.640
0x7da492f61000,0x0000000be7ae3000,1,1.591
0x7da492f62000,0x0000000c303e5000,1,1.631
0x7da492f63000,0x0000000a95ad0000,0,1.499
0x7da492f64000,0x00000003c8958000,0,1.647
0x7da492f65000,0x00000007a3de1000,1,1.684
0x7da492f66000,0x00000005070b7000,1,1.650
0x7da492f67000,0x0000000b820d3000,1,1.642
0x7da492f68000,0x00000005ee18c000,0,1.548
0x7da492f69000,0x0000000c55bd6000,0,1.594
0x7da492f6a000,0x0000000b358d8000,0,1.617
0x7da492f6b000,0x000000020c688000,0,1.600
0x7da492f6c000,0x0000000529887000,1,1.656
0x7da492f6d000,0x000000086f176000,0,1.618
0x7da492f6e000,0x00000004512de000,0,1.595
0x7da492f6f000,0x00000009d933c000,0,1.661
0x7da492f70000,0x00000009db41a000,0,1.684
0x7da492f71000,0x000000038c229000,1,1.698
0x7da492f72000,0x0000000606b8d000,1,1.638
0x7da492f73000,0x00000008dba22000,0,1.611
0x7da492f74000,0x0000000c7d498000,0,1.528
0x7da492f75000,0x000000078798a000,0,1.599
0x7da492f76000,0x0000000c53d2a000,0,1.638
0x7da492f77000,0x0000000208937000,1,1.723
0x7da492f78000,0x00000005d25c3000,1,1.633
0x7da492f79000,0x000000071f1b6000,0,1.501
0x7da492f7a000,0x0000000965f55000,1,1.683
0x7da492f7b000,0x0000000380814000,0,1.480
0x7da492f7c000,0x00000008e327b000,1,1.593
0x7da492f7d000,0x00000008019f8000,0,1.619
0x7da492f7e000,0x0000000a8eff4000,0,1.525
0x7da492f7f000,0x00000005fd7eb000,1,1.644
0x7da492f80000,0x00000008e2fb5000,1,1.574
0x7da492f81000,0x0000000be0f4f000,1,1.726
0x7da492f82000,0x00000005b955c000,0,1.586
0x7da492f83000,0x00000007869c1000,1,1.707
0x7da492f84000,0x000000088134e000,0,1.611
0x7da492f85000,0x0000000643694000,0,1.646
0x7da492f86000,0x000000039a889000,1,1.655
0x7da492f87000,0x000000078fa55000,1,1.695
0x7da492f88000,0x00000003db2ca000,0,1.529
0x7da492f89000,0x0000000a95e1e000,0,1.594
0x7da492f8a000,0x00000007873c8000,0,1.541
0x7da492f8b000,0x00000004a738e000,0,1.617
0x7da492f8c000,0x0000000b38681000,1,1.683
0x7da492f8d000,0x000000038f7e6000,0,1.633
0x7da492f8e000,0x00000009f7b21000,1,1.728
0x7da492f8f000,0x0000000825f0c000,0,1.611
0x7da492f90000,0x0000000431258000,0,1.561
0x7da492f91000,0x00000003e0a3f000,1,1.756
0x7da492f92000,0x000000062953b000,1,1.665
0x7da492f93000,0x000000049505a000,0,1.636
0x7da492f94000,0x0000000989e90000,0,1.546
0x7da492f95000,0x00000007a195b000,1,1.636
0x7da492f96000,0x00000006eb68c000,0,1.612
0x7da492f97000,0x0000000b493e9000,1,1.731
0x7da492f98000,0x0000000bab0a1000,1,1.710
0x7da492f99000,0x0000000575f80000,0,1.610
0x7da492f9a000,0x0000000c426fd000,1,1.725
0x7da492f9b000,0x0000000a9aab9000,1,1.602
0x7da492f9c000,0x00000007be3ef000,1,1.573
0x7da492f9d000,0x0000000b4b10b000,1,1.648
0x7da492f9e000,0x0000000812700000,0,1.599
0x7da492f9f000,0x0000000763a77000,1,1.639
0x7da492fa0000,0x00000005e9a7a000,0,1.519
0x7da492fa1000,0x00000003dc44a000,0,1.566
0x7da492fa2000,0x000000090056b000,1,1.648
0x7da492fa3000,0x000000068fb17000,1,1.693
0x7da492fa4000,0x00000008d85fb000,1,1.690
0x7da492fa5000,0x00000003ad319000,1,1.729
0x7da492fa6000,0x00000008f97f9000,1,1.680
0x7da492fa7000,0x000000078112c000,0,1.618
0x7da492fa8000,0x00000003e7bd3000,1,1.707
0x7da492fa9000,0x00000005fbb3d000,1,1.594
0x7da492faa000,0x0000000a78823000,1,1.633
0x7da492fab000,0x00000009e4b7c000,0,1.632
0x7da492fac000,0x00000006e13e9000,1,1.637
0x7da492fad000,0x00000005fbb85000,1,1.658
0x7da492fae000,0x000000089d589000,1,1.658
0x7da492faf000,0x000000059b5f6000,0,1.587
0x7da492fb0000,0x0000000aacf72000,0,1.498
0x7da492fb1000,0x000000097308f000,1,1.656
0x7da492fb2000,0x00000008c0ae2000,0,1.618
0x7da492fb3000,0x000000079ae94000,0,1.541
0x7da492fb4000,0x0000000b8b101000,1,1.749
0x7da492fb5000,0x00000005bd7d1000,1,1.705
0x7da492fb6000,0x00000006f5962000,0,1.572
0x7da492fb7000,0x0000000435f34000,0,1.596
0x7da492fb8000,0x0000000b8f6f8000,0,1.618
0x7da492fb9000,0x00000004db4c1000,1,1.743
0x7da492fba000,0x0000000c54f9d000,1,1.595
0x7da492fbb000,0x000000039ae1b000,1,1.678
0x7da492fbc000,0x0000000963db9000,1,1.635
0x7da492fbd000,0x0000000667eef000,1,1.635
0x7da492fbe000,0x00000007d30c4000,0,1.597
0x7da492fbf000,0x0000000bc83c3000,1,1.682
0x7da492fc0000,0x00000006be97b000,1,1.657
0x7da492fc1000,0x0000000667e3e000,0,1.617
0x7da492fc2000,0x00000008d7b29000,1,1.639
0x7da492fc3000,0x00000007d6d92000,0,1.674
0x7da492fc4000,0x0000000bfd7e0000,0,1.653
0x7da492fc5000,0x000000037b3ae000,0,1.479
0x7da492fc6000,0x000000083996c000,0,1.540
0x7da492fc7000,0x0000000c56258000,0,1.555
0x7da492fc8000,0x00000001c6504000,0,1.610
0x7da492fc9000,0x0000000c72efb000,1,1.727
0x7da492fca000,0x000000079bb84000,0,1.642
0x7da492fcb000,0x00000008df1af000,1,1.691
0x7da492fcc000,0x00000005e2577000,1,1.730
0x7da492fcd000,0x00000007199b7000,1,1.659
0x7da492fce000,0x000000097a3ea000,0,1.608
0x7da492fcf000,0x00000007381fa000,0,1.641
0x7da492fd0000,0x0000000c5e8a6000,0,1.524
0x7da492fd1000,0x00000005d5f21000,1,1.706
0x7da492fd2000,0x00000008576e2000,0,1.619
0x7da492fd3000,0x0000000bdf3ad000,1,1.610
0x7da492fd4000,0x0000000b41c35000,1,1.636
0x7da492fd5000,0x0000000391f5b000,1,1.634
0x7da492fd6000,0x00000004703b7000,1,1.636
0x7da492fd7000,0x00000004c9af1000,1,1.600
0x7da492fd8000,0x0000000c3790e000,0,1.566
0x7da492fd9000,0x00000001f4b29000,1,1.659
0x7da492fda000,0x0000000788d2b000,1,1.658
0x7da492fdb000,0x0000000762eda000,0,1.655
0x7da492fdc000,0x00000008dbb99000,1,1.767
0x7da492fdd000,0x00000003f39a4000,0,1.591
0x7da492fde000,0x0000000c3911c000,0,1.619
0x7da492fdf000,0x0000000c7bdde000,0,1.609
0x7da492fe0000,0x0000000be9302000,0,1.540
0x7da492fe1000,0x0000000ba9287000,1,1.635
0x7da492fe2000,0x000000026294b000,1,1.630
0x7da492fe3000,0x0000000777190000,0,1.628
0x7da492fe4000,0x0000000885c08000,0,1.545
0x7da492fe5000,0x00000002a1665000,1,1.589
0x7da492fe6000,0x0000000c409a4000,0,1.610
0x7da492fe7000,0x0000000c7bdf3000,1,1.729
0x7da492fe8000,0x00000005469b6000,0,1.634
0x7da492fe9000,0x0000000988137000,1,1.684
0x7da492fea000,0x0000000975501000,1,1.702
0x7da492feb000,0x000000053d659000,1,1.755
0x7da492fec000,0x0000000c390db000,1,1.751
0x7da492fed000,0x000000078e13e000,0,1.615
0x7da492fee000,0x00000004100f9000,1,1.728
0x7da492fef000,0x00000007786b5000,1,1.639
0x7da492ff0000,0x00000003758e1000,1,1.730
0x7da492ff1000,0x00000006b4cdd000,1,1.697
0x7da492ff2000,0x0000000aecdcf000,1,1.659
0x7da492ff3000,0x00000008d9135000,1,1.601
0x7da492ff4000,0x00000009c51d8000,0,1.528
0x7da492ff5000,0x0000000aed550000,0,1.600
0x7da492ff6000,0x00000008ea9cb000,1,1.664
0x7da492ff7000,0x000000090b3c3000,1,1.591
0x7da492ff8000,0x0000000982e5a000,0,1.553
0x7da492ff9000,0x0000000b42229000,1,1.729
0x7da492ffa000,0x000000099b94d000,1,1.636
0x7da492ffb000,0x0000000861879000,1,1.730
0x7da492ffc000,0x0000000b0a112000,0,1.609
0x7da492ffd000,0x00000009e1306000,0,1.523
0x7da492ffe000,0x00000004da341000,1,1.661
0x7da492fff000,0x0000000859599000,1,1.634
0x7da493000000,0x00000003aa457000,1,1.636
0x7da493001000,0x00000009ec4d0000,0,1.523
0x7da493002000,0x00000008b4bdb000,1,1.616
0x7da493003000,0x00000008c07ff000,1,1.623
0x7da493004000,0x00000008a3501000,1,1.656
0x7da493005000,0x000000042c610000,0,1.478
0x7da493006000,0x00000007c1cb2000,0,1.597
0x7da493007000,0x00000008214c7000,1,1.635
0x7da493008000,0x00000003ed07b000,1,1.656
0x7da493009000,0x000000084de2e000,0,1.611
0x7da49300a000,0x00000005a3dfe000,0,1.657
0x7da49300b000,0x00000004b9eff000,1,1.664
0x7da49300c000,0x0000000bb3ed8000,0,1.610
0x7da49300d000,0x0000000795359000,1,1.595
0x7da49300e000,0x0000000216f6d000,1,1.573
0x7da49300f000,0x00000008897c3000,1,1.634
0x7da493010000,0x0000000c4bc47000,1,1.737
0x7da493011000,0x000000074bf7c000,0,1.527
0x7da493012000,0x000000069e9fd000,1,1.688
0x7da493013000,0x0000000906b1e000,0,1.525
0x7da493014000,0x0000000abbd78000,0,1.594
0x7da493015000,0x0000000a59b69000,1,1.655
0x7da493016000,0x0000000b3cb3e000,0,1.532
0x7da493017000,0x00000007fb6af000,1,1.645
0x7da493018000,0x000000057dba0000,0,1.521
0x7da493019000,0x0000000157d3e000,0,1.672
0x7da49301a000,0x0000000a0efd0000,0,1.646
0x7da49301b000,0x0000000607105000,1,1.682
0x7da49301c000,0x0000000acf577000,1,1.634
0x7da49301d000,0x00000005a2eb2000,0,1.538
0x7da49301e000,0x00000006e808d000,1,1.719
0x7da49301f000,0x0000000a3af32000,0,1.566
0x7da493020000,0x0000000916446000,0,1.663
0x7da493021000,0x0000000afb3dd000,1,1.638
0x7da493022000,0x0000000bffd47000,1,1.633
0x7da493023000,0x000000089bdb1000,1,1.705
0x7da493024000,0x00000001f6233000,1,1.680
0x7da493025000,0x0000000756ea0000,0,1.523
0x7da493026000,0x0000000abff96000,0,1.544
0x7da493027000,0x0000000385b79000,1,1.718
0x7da493028000,0x0000000b38777000,1,1.729
0x7da493029000,0x000000084d09f000,1,1.576
0x7da49302a000,0x00000006185e5000,1,1.646
0x7da49302b000,0x00000004b1a6b000,1,1.577
0x7da49302c000,0x0000000788da7000,1,1.686
0x7da49302d000,0x00000003f6fdc000,0,1.606
0x7da49302e000,0x0000000810396000,0,1.612
0x7da49302f000,0x0000000b79d92000,0,1.639
0x7da493030000,0x000000098b980000,0,1.659
0x7da493031000,0x00000005ae4b2000,0,1.626
0x7da493032000,0x00000008bd3a3000,1,1.733
0x7da493033000,0x00000006f9427000,1,1.686
0x7da493034000,0x0000000681b1e000,0,1.612
0x7da493035000,0x00000007a9a6d000,1,1.656
0x7da493036000,0x0000000552a5f000,1,1.647
0x7da493037000,0x0000000502578000,0,1.598
0x7da493038000,0x00000009b2623000,1,1.636
0x7da493039000,0x0000000be4df7000,1,1.621
0x7da49303a000,0x0000000aef3e8000,0,1.617
0x7da49303b000,0x000000042280d000,1,1.711
0x7da49303c000,0x00000009cb68c000,0,1.565
0x7da49303d000,0x0000000a06958000,0,1.616
0x7da49303e000,0x0000000487ff9000,1,1.717
0x7da49303f000,0x00000006a665b000,1,1.644
0x7da493040000,0x0000000820be9000,1,1.683
0x7da493041000,0x0000000c2940b000,1,1.673
0x7da493042000,0x000000074ce40000,0,1.613
0x7da493043000,0x0000000bb47fa000,0,1.660
0x7da493044000,0x0000000800bf4000,0,1.619
0x7da493045000,0x00000004257cf000,1,1.666
0x7da493046000,0x00000003c9b77000,1,1.645
0x7da493047000,0x000000053c702000,0,1.537
0x7da493048000,0x0000000872473000,1,1.738
0x7da493049000,0x00000003e7549000,1,1.638
0x7da49304a000,0x00000003cfe35000,1,1.637
0x7da49304b000,0x0000000aabbaf000,1,1.654
0x7da49304c000,0x00000006eefe3000,1,1.598
0x7da49304d000,0x00000004bfa54000,0,1.639
0x7da49304e000,0x0000000a938ad000,1,1.703
0x7da49304f000,0x0000000a26efb000,1,1.574
0x7da493050000,0x00000008f9a79000,1,1.687
0x7da493051000,0x000000082dc5a000,0,1.612
0x7da493052000,0x00000009cf1ba000,0,1.564
0x7da493053000,0x00000006b8763000,1,1.752
0x7da493054000,0x00000006057e9000,1,1.616
0x7da493055000,0x00000004423c8000,0,1.615
0x7da493056000,0x000000099cb4f000,1,1.595
0x7da493057000,0x000000077fee6000,0,1.570
0x7da493058000,0x00000009c36f8000,0,1.634
0x7da493059000,0x00000008bc494000,0,1.627
0x7da49305a000,0x00000004934d4000,0,1.614
0x7da49305b000,0x0000000c0b404000,0,1.571
0x7da49305c000,0x0000000626e6d000,1,1.661
0x7da49305d000,0x000000084050b000,1,1.614
0x7da49305e000,0x0000000346a35000,1,1.644
0x7da49305f000,0x000000073fcd3000,1,1.635
0x7da493060000,0x0000000bc235e000,0,1.609
0x7da493061000,0x0000000a6cf3d000,1,1.640
0x7da493062000,0x0000000479015000,1,1.750
0x7da493063000,0x00000004158f7000,1,1.574
0x7da493064000,0x0000000c542ce000,0,1.613
0x7da493065000,0x0000000a1c19a000,0,1.598
0x7da493066000,0x000000079b154000,0,1.635
0x7da493067000,0x00000002cbea0000,0,1.499
0x7da493068000,0x000000043a944000,0,1.654
0x7da493069000,0x0000000457690000,0,1.567
0x7da49306a000,0x00000009d6a17000,1,1.731
0x7da49306b000,0x00000002361a0000,0,1.639
0x7da49306c000,0x00000002f8785000,1,1.639
0x7da49306d000,0x00000004fa4fc000,0,1.655
0x7da49306e000,0x0000000b3c2a3000,1,1.709
0x7da49306f000,0x00000007a3b74000,0,1.608
0x7da493070000,0x000000037e05e000,0,1.612
0x7da493071000,0x0000000ab503c000,0,1.638
0x7da493072000,0x00000005d5ecc000,0,1.594
0x7da493073000,0x000000073b99b000,1,1.686
0x7da493074000,0x0000000ab5191000,1,1.636
0x7da493075000,0x000000082dbc0000,0,1.557
0x7da493076000,0x00000004f5fed000,1,1.668
0x7da493077000,0x00000003b3554000,0,1.555
0x7da493078000,0x0000000c42c77000,1,1.635
0x7da493079000,0x0000000c5283a000,0,1.591
0x7da49307a000,0x00000003ed800000,0,1.524
0x7da49307b000,0x00000005743fc000,0,1.647
0x7da49307c000,0x0000000ad6712000,0,1.636
0x7da49307d000,0x0000000256aea000,0,1.598
0x7da49307e000,0x0000000c29810000,0,1.610
0x7da49307f000,0x00000006c5cab000,1,1.636
0x7da493080000,0x00000003f6e68000,0,1.521
0x7da493081000,0x00000004831d2000,0,1.478
0x7da493082000,0x0000000747499000,1,1.705
0x7da493083000,0x00000009647e0000,0,1.608
0x7da493084000,0x0000000a88a9d000,1,1.633
0x7da493085000,0x0000000c4d973000,1,1.683
0x7da493086000,0x0000000a92763000,1,1.636
0x7da493087000,0x0000000764668000,0,1.533
0x7da493088000,0x00000009647e7000,1,1.618
0x7da493089000,0x0000000be0fe1000,1,1.700
0x7da49308a000,0x0000000768d67000,1,1.655
0x7da49308b000,0x00000007de3eb000,1,1.679
0x7da49308c000,0x000000051a4db000,1,1.722
0x7da49308d000,0x0000000b57706000,0,1.616
0x7da49308e000,0x000000057dba5000,1,1.686
0x7da49308f000,0x0000000747077000,1,1.686
0x7da493090000,0x000000048b3df000,1,1.637
0x7da493091000,0x0000000c13a37000,1,1.636
0x7da493092000,0x000000044259a000,0,1.609
0x7da493093000,0x0000000c52bbd000,1,1.626
0x7da493094000,0x00000007f797b000,1,1.736
0x7da493095000,0x0000000a25be4000,0,1.530
0x7da493096000,0x00000006ad68a000,0,1.671
0x7da493097000,0x00000007d7740000,0,1.625
0x7da493098000,0x0000000adf3d4000,0,1.478
0x7da493099000,0x00000007d1ddf000,1,1.646
0x7da49309a000,0x000000091e728000,0,1.613
0x7da49309b000,0x00000007d3a18000,0,1.651
0x7da49309c000,0x0000000add660000,0,1.634
0x7da49309d000,0x00000008f6907000,1,1.667
0x7da49309e000,0x0000000a5d854000,0,1.654
0x7da49309f000,0x0000000c0fa0c000,0,1.654
0x7da4930a0000,0x0000000525f13000,1,1.638
0x7da4930a1000,0x00000009b093b000,1,1.685
0x7da4930a2000,0x0000000509fdd000,1,1.647
0x7da4930a3000,0x00000004e5d77000,1,1.688
0x7da4930a4000,0x0000000b13dc2000,0,1.594
0x7da4930a5000,0x00000006a5372000,0,1.575
0x7da4930a6000,0x0000000457389000,1,1.685
0x7da4930a7000,0x0000000584e5a000,0,1.480
0x7da4930a8000,0x000000036c2ef000,1,1.578
0x7da4930a9000,0x000000061b43e000,0,1.651
0x7da4930aa000,0x0000000869bcf000,1,1.689
0x7da4930ab000,0x0000000c35356000,0,1.503
0x7da4930ac000,0x0000000b4199a000,0,1.596
0x7da4930ad000,0x0000000bc0dd7000,1,1.702
0x7da4930ae000,0x00000007f6b16000,0,1.636
0x7da4930af000,0x00000004fd62f000,1,1.698
0x7da4930b0000,0x000000066a23e000,0,1.612
0x7da4930b1000,0x0000000845c66000,0,1.623
0x7da4930b2000,0x00000004b4a86000,0,1.482
0x7da4930b3000,0x0000000ba9717000,1,1.609
0x7da4930b4000,0x0000000471075000,1,1.684
0x7da4930b5000,0x00000004f49df000,1,1.642
0x7da4930b6000,0x00000002a66ad000,1,1.645
0x7da4930b7000,0x00000009141fb000,1,1.632
0x7da4930b8000,0x00000004c4620000,0,1.607
0x7da4930b9000,0x0000000446b96000,0,1.633
0x7da4930ba000,0x000000016e9e2000,0,1.616
0x7da4930bb000,0x00000007a648a000,0,1.626
0x7da4930bc000,0x0000000937421000,1,1.636
0x7da4930bd000,0x00000009363fb000,1,1.719
0x7da4930be000,0x0000000a8a350000,0,1.603
0x7da4930bf000,0x0000000b9d7c3000,1,1.642
0x7da4930c0000,0x00000005605cc000,0,1.609
0x7da4930c1000,0x0000000b7b3a3000,1,1.636
0x7da4930c2000,0x000000066b1ac000,0,1.535
0x7da4930c3000,0x00000008613de000,0,1.610
0x7da4930c4000,0x00000008eed40000,0,1.611
0x7da4930c5000,0x0000000c4e8fd000,1,1.686
0x7da4930c6000,0x00000008fa735000,1,1.636
0x7da4930c7000,0x0000000530a3b000,1,1.655
0x7da4930c8000,0x0000000479ff6000,0,1.607
0x7da4930c9000,0x0000000754e71000,1,1.682
0x7da4930ca000,0x0000000aafa02000,0,1.574
0x7da4930cb000,0x00000002c2820000,0,1.639
0x7da4930cc000,0x000000036b209000,1,1.665
0x7da4930cd000,0x0000000b452d4000,0,1.539
0x7da4930ce000,0x000000072ddde000,0,1.593
0x7da4930cf000,0x000000080600c000,0,1.522
0x7da4930d0000,0x00000005985b4000,0,1.521
0x7da4930d1000,0x0000000c560fb000,1,1.618
0x7da4930d2000,0x0000000907c5e000,0,1.502
0x7da4930d3000,0x00000002de7bf000,1,1.762
0x7da4930d4000,0x00000002c155a000,0,1.648
0x7da4930d5000,0x00000005708d7000,1,1.685
0x7da4930d6000,0x000000085aae3000,1,1.708
0x7da4930d7000,0x00000007e09d4000,0,1.567
0x7da4930d8000,0x000000082761c000,0,1.589
0x7da4930d9000,0x000000046dd39000,1,1.762
0x7da4930da000,0x00000009c2a9d000,1,1.614
0x7da4930db000,0x0000000964bcb000,1,1.613
0x7da4930dc000,0x00000007059f0000,0,1.478
0x7da4930dd000,0x0000000706abd000,1,1.635
0x7da4930de000,0x000000056e5f8000,0,1.478
0x7da4930df000,0x00000007c5883000,1,1.669
0x7da4930e0000,0x000000040d4bf000,1,1.727
0x7da4930e1000,0x0000000a96313000,1,1.662
0x7da4930e2000,0x00000004b0feb000,1,1.729
0x7da4930e3000,0x000000070dea3000,1,1.658
0x7da4930e4000,0x00000004d378c000,0,1.611
0x7da4930e5000,0x00000009cf1b7000,1,1.753
0x7da4930e6000,0x00000003e9578000,0,1.618
0x7da4930e7000,0x0000000620d33000,1,1.657
0x7da4930e8000,0x000000071d931000,1,1.571
0x7da4930e9000,0x00000003d8037000,1,1.706
0x7da4930ea000,0x000000078f5c5000,1,1.730
0x7da4930eb000,0x00000007dd3ec000,0,1.652
0x7da4930ec000,0x00000004aa4f1000,1,1.770
0x7da4930ed000,0x0000000c52a7a000,0,1.482
0x7da4930ee000,0x0000000429ed5000,1,1.691
0x7da4930ef000,0x0000000826570000,0,1.638
0x7da4930f0000,0x00000007bc734000,0,1.521
0x7da4930f1000,0x000000052343e000,0,1.552
0x7da4930f2000,0x0000000a4a12c000,0,1.535
0x7da4930f3000,0x0000000772928000,0,1.640
0x7da4930f4000,0x0000000abb1c7000,1,1.685
0x7da4930f5000,0x00000007f39fd000,1,1.592
0x7da4930f6000,0x00000002ca99f000,1,1.636
0x7da4930f7000,0x00000004b2762000,0,1.500
0x7da4930f8000,0x0000000345a70000,0,1.539
0x7da4930f9000,0x000000065b9ad000,1,1.659
0x7da4930fa000,0x00000005e153f000,1,1.636
0x7da4930fb000,0x00000003a10ae000,0,1.611
0x7da4930fc000,0x000000093e233000,1,1.672
0x7da4930fd000,0x0000000bb177b000,1,1.733
0x7da4930fe000,0x000000085f68b000,1,1.762
0x7da4930ff000,0x0000000830a8a000,0,1.671
0x7da493100000,0x000000052c3ff000,1,1.634
0x7da493101000,0x0000000c35eeb000,1,1.633
0x7da493102000,0x00000003f7471000,1,1.686
0x7da493103000,0x0000000338be0000,0,1.539
0x7da493104000,0x0000000c34536000,0,1.609
0x7da493105000,0x000000033c88d000,1,1.636
0x7da493106000,0x000000078738d000,1,1.765
0x7da493107000,0x00000003749df000,1,1.657
0x7da493108000,0x00000003f8b8b000,1,1.635
0x7da493109000,0x0000000bf604e000,0,1.612
0x7da49310a000,0x000000043990c000,0,1.478
0x7da49310b000,0x0000000740bf9000,1,1.657
0x7da49310c000,0x000000027b870000,0,1.626
0x7da49310d000,0x00000003f8b9e000,0,1.651
0x7da49310e000,0x00000003ee28b000,1,1.636
0x7da49310f000,0x0000000c376fe000,0,1.594
0x7da493110000,0x0000000c4ab8a000,0,1.615
0x7da493111000,0x0000000913817000,1,1.673
0x7da493112000,0x00000003377db000,1,1.650
0x7da493113000,0x0000000853a92000,0,1.667
0x7da493114000,0x0000000b74276000,0,1.633
0x7da493115000,0x000000098ff3e000,0,1.566
0x7da493116000,0x00000004b19af000,1,1.638
0x7da493117000,0x0000000a594dc000,0,1.614
0x7da493118000,0x000000038252f000,1,1.622
0x7da493119000,0x000000062e73f000,1,1.701
0x7da49311a000,0x0000000b7b37c000,0,1.568
0x7da49311b000,0x000000062b1b1000,1,1.705
0x7da49311c000,0x00000005411c3000,1,1.767
0x7da49311d000,0x000000087193e000,0,1.613
0x7da49311e000,0x00000007c1ca4000,0,1.484
0x7da49311f000,0x000000020d509000,1,1.708
0x7da493120000,0x0000000be77db000,1,1.700
0x7da493121000,0x00000005a3053000,1,1.598
0x7da493122000,0x0000000af9a5a000,0,1.480
0x7da493123000,0x00000004a853a000,0,1.654
0x7da493124000,0x00000007f5d4a000,0,1.500
0x7da493125000,0x00000007c994d000,1,1.684
0x7da493126000,0x00000006424b6000,0,1.611
0x7da493127000,0x00000003f5891000,1,1.619
0x7da493128000,0x0000000406508000,0,1.502
0x7da493129000,0x0000000a18638000,0,1.536
0x7da49312a000,0x0000000ae7493000,1,1.662
0x7da49312b000,0x0000000782df0000,0,1.525
0x7da49312c000,0x0000000822d49000,1,1.691
0x7da49312d000,0x000000076fcf2000,0,1.524
0x7da49312e000,0x0000000500144000,0,1.597
0x7da49312f000,0x0000000b4ec2c000,0,1.618
0x7da493130000,0x0000000a92b24000,0,1.499
0x7da493131000,0x000000016a9f7000,1,1.636
0x7da493132000,0x00000004049ab000,1,1.729
0x7da493133000,0x00000009a89fb000,1,1.724
0x7da493134000,0x0000000c5f3c5000,1,1.745
0x7da493135000,0x000000073ffd8000,0,1.479
0x7da493136000,0x00000006d66ff000,1,1.620
0x7da493137000,0x0000000a429fa000,0,1.567
0x7da493138000,0x0000000c566b8000,0,1.568
0x7da493139000,0x000000033bb98000,0,1.610
0x7da49313a000,0x0000000390519000,1,1.659
0x7da49313b000,0x00000004ae069000,1,1.573
0x7da49313c000,0x00000009abd3f000,1,1.635
0x7da49313d000,0x00000005797f3000,1,1.638
0x7da49313e000,0x0000000b4237e000,0,1.568
0x7da49313f000,0x000000061b42f000,1,1.760
0x7da493140000,0x0000000710c0a000,0,1.569
0x7da493141000,0x0000000a79ab4000,0,1.591
0x7da493142000,0x0000000b017a9000,1,1.592
0x7da493143000,0x0000000c46c6e000,0,1.566
0x7da493144000,0x000000045156c000,0,1.501
0x7da493145000,0x00000007beb1f000,1,1.633
0x7da493146000,0x00000009cec53000,1,1.618
0x7da493147000,0x00000005ecbdc000,0,1.550
0x7da493148000,0x00000009165e8000,0,1.612
0x7da493149000,0x0000000af349c000,0,1.518
0x7da49314a000,0x00000005d837e000,0,1.614
0x7da49314b000,0x00000004060bd000,1,1.644
0x7da49314c000,0x0000000a94ded000,1,1.728
0x7da49314d000,0x000000032a666000,0,1.498
0x7da49314e000,0x00000009b9de8000,0,1.592
0x7da49314f000,0x0000000c5ac80000,0,1.616
0x7da493150000,0x00000003b8bb7000,1,1.633
0x7da493151000,0x0000000acd913000,1,1.572
0x7da493152000,0x0000000c4b529000,1,1.635
0x7da493153000,0x0000000a9e1ea000,0,1.609
0x7da493154000,0x0000000725de9000,1,1.639
0x7da493155000,0x0000000a060f6000,0,1.497
0x7da493156000,0x00000008a665b000,1,1.571
0x7da493157000,0x0000000c68381000,1,1.637
0x7da493158000,0x0000000a93a56000,0,1.562
0x7da493159000,0x00000004c4a9e000,0,1.503
0x7da49315a000,0x00000007dfb99000,1,1.727
0x7da49315b000,0x0000000aafb7f000,1,1.694
0x7da49315c000,0x000000098ec0f000,1,1.657
0x7da49315d000,0x00000003ec2b4000,0,1.498
0x7da49315e000,0x0000000a92aba000,0,1.610
0x7da49315f000,0x000000045aa18000,0,1.607
0x7da493160000,0x00000004f4dde000,0,1.609
0x7da493161000,0x000000064bfaf000,1,1.570
0x7da493162000,0x00000003078e3000,1,1.726
0x7da493163000,0x0000000606918000,0,1.617
0x7da493164000,0x000000057d6cf000,1,1.709
0x7da493165000,0x00000009bccf9000,1,1.659
0x7da493166000,0x0000000a01be7000,1,1.636
0x7da493167000,0x00000006eda7e000,0,1.498
0x7da493168000,0x0000000c21288000,0,1.610
0x7da493169000,0x000000033713b000,1,1.634
0x7da49316a000,0x000000032e4c2000,0,1.481
0x7da49316b000,0x00000009ce58b000,1,1.729
0x7da49316c000,0x00000009f9ffb000,1,1.695
0x7da49316d000,0x000000076ebb0000,0,1.520
0x7da49316e000,0x000000071c7cf000,1,1.636
0x7da49316f000,0x00000007b8095000,1,1.634
0x7da493170000,0x000000066c05b000,1,1.729
0x7da493171000,0x00000007d1e2f000,1,1.573
0x7da493172000,0x0000000af8409000,1,1.730
0x7da493173000,0x0000000886298000,0,1.612
0x7da493174000,0x0000000b1cbd2000,0,1.563
0x7da493175000,0x00000008b4411000,1,1.704
0x7da493176000,0x0000000aef8e0000,0,1.564
0x7da493177000,0x00000009f74c8000,0,1.499
0x7da493178000,0x000000098950a000,0,1.563
0x7da493179000,0x0000000bba42f000,1,1.636
0x7da49317a000,0x0000000c29812000,0,1.498
0x7da49317b000,0x00000008862ed000,1,1.704
0x7da49317c000,0x00000008826ee000,0,1.593
0x7da49317d000,0x0000000382d59000,1,1.727
0x7da49317e000,0x0000000b13d81000,1,1.645
0x7da49317f000,0x0000000ac08e8000,0,1.608
0x7da493180000,0x0000000351354000,0,1.522
0x7da493181000,0x00000009dac8a000,0,1.526
0x7da493182000,0x0000000b4c908000,0,1.597
0x7da493183000,0x00000003adee8000,0,1.499
0x7da493184000,0x00000003d01fa000,0,1.562
0x7da493185000,0x000000067b8bb000,1,1.697
0x7da493186000,0x00000008b55eb000,1,1.659
0x7da493187000,0x00000007005a5000,1,1.696
0x7da493188000,0x00000004d49d2000,0,1.521
0x7da493189000,0x0000000b65a24000,0,1.617
0x7da49318a000,0x000000054b755000,1,1.633
0x7da49318b000,0x0000000bcedf2000,0,1.567
0x7da49318c000,0x000000090ffb0000,0,1.497
0x7da49318d000,0x00000004846e6000,0,1.609
0x7da49318e000,0x000000075b858000,0,1.500
0x7da49318f000,0x0000000c376a1000,1,1.633
0x7da493190000,0x00000007409f5000,1,1.633
0x7da493191000,0x000000020bb4a000,0,1.527
0x7da493192000,0x0000000835a65000,1,1.636
0x7da493193000,0x00000008258ea000,0,1.608
0x7da493194000,0x000000033e61c000,0,1.593
0x7da493195000,0x00000007a95e9000,1,1.703
0x7da493196000,0x00000007269e4000,0,1.490
0x7da493197000,0x00000001f374c000,0,1.610
0x7da493198000,0x0000000344647000,1,1.658
0x7da493199000,0x0000000aa31ff000,1,1.633
0x7da49319a000,0x0000000c28aa7000,1,1.570
0x7da49319b000,0x0000000bc45bf000,1,1.661
0x7da49319c000,0x0000000693df8000,0,1.478
0x7da49319d000,0x00000008a5afd000,1,1.657
0x7da49319e000,0x000000054dfdb000,1,1.601
0x7da49319f000,0x000000052bb00000,0,1.502
0x7da4931a0000,0x0000000a6effb000,1,1.705
0x7da4931a1000,0x0000000724108000,0,1.540
0x7da4931a2000,0x0000000907892000,0,1.499
0x7da4931a3000,0x0000000380471000,1,1.638
0x7da4931a4000,0x000000031fea4000,0,1.498
0x7da4931a5000,0x00000007df3fc000,0,1.496
0x7da4931a6000,0x00000005f0e01000,1,1.728
0x7da4931a7000,0x0000000838581000,1,1.643
0x7da4931a8000,0x00000004606bf000,1,1.681
0x7da4931a9000,0x000000036b198000,0,1.521
0x7da4931aa000,0x00000007ac1f4000,0,1.615
0x7da4931ab000,0x00000001dea60000,0,1.605
0x7da4931ac000,0x00000008421f5000,1,1.637
0x7da4931ad000,0x0000000aabef0000,0,1.540
0x7da4931ae000,0x0000000335bb9000,1,1.726
0x7da4931af000,0x00000008f2f76000,0,1.525
0x7da4931b0000,0x00000001c05e1000,1,1.634
0x7da4931b1000,0x00000002a67fc000,0,1.477
0x7da4931b2000,0x0000000380a46000,0,1.621
0x7da4931b3000,0x0000000917239000,1,1.657
0x7da4931b4000,0x00000007f8655000,1,1.633
0x7da4931b5000,0x0000000907d47000,1,1.727
0x7da4931b6000,0x0000000866598000,0,1.615
0x7da4931b7000,0x0000000c4d782000,0,1.610
0x7da4931b8000,0x0000000be30c9000,1,1.727
0x7da4931b9000,0x00000009dfdb4000,0,1.615
0x7da4931ba000,0x0000000b81da6000,0,1.615
0x7da4931bb000,0x000000056bd8e000,0,1.565
0x7da4931bc000,0x00000006ce5e8000,0,1.610
0x7da4931bd000,0x00000004c4a49000,1,1.643
0x7da4931be000,0x000000057a7d3000,1,1.681
0x7da4931bf000,0x000000044fd27000,1,1.570
0x7da4931c0000,0x0000000bbb8bb000,1,1.730
0x7da4931c1000,0x00000007c8430000,0,1.615
0x7da4931c2000,0x0000000529d19000,1,1.633
0x7da4931c3000,0x0000000220e60000,0,1.541
0x7da4931c4000,0x0000000bb0b56000,0,1.618
0x7da4931c5000,0x0000000b83b62000,0,1.564
0x7da4931c6000,0x000000081e3f5000,1,1.728
0x7da4931c7000,0x00000008ea46c000,0,1.613
0x7da4931c8000,0x000000055e6f6000,0,1.562
0x7da4931c9000,0x000000096a840000,0,1.563
0x7da4931ca000,0x00000008f7338000,0,1.600
0x7da4931cb000,0x00000009d175a000,0,1.565
0x7da4931cc000,0x0000000a40bc5000,1,1.635
0x7da4931cd000,0x00000004576ca000,0,1.628
0x7da4931ce000,0x000000085aae1000,1,1.592
0x7da4931cf000,0x0000000743942000,0,1.597
0x7da4931d0000,0x00000007f486e000,0,1.521
0x7da4931d1000,0x00000003adcfd000,1,1.680
0x7da4931d2000,0x000000086fedf000,1,1.634
0x7da4931d3000,0x00000002ea13b000,1,1.706
0x7da4931d4000,0x0000000a94521000,1,1.705
0x7da4931d5000,0x0000000996a4e000,0,1.567
0x7da4931d6000,0x000000014ca96000,0,1.608
0x7da4931d7000,0x0000000358c37000,1,1.593
0x7da4931d8000,0x0000000b07a05000,1,1.657
0x7da4931d9000,0x0000000b260d4000,0,1.603
0x7da4931da000,0x000000059a93c000,0,1.518
0x7da4931db000,0x000000039064c000,0,1.610
0x7da4931dc000,0x0000000a02b4c000,0,1.499
0x7da4931dd000,0x0000000b6aeef000,1,1.634
0x7da4931de000,0x00000008a85bd000,1,1.640
0x7da4931df000,0x0000000a9c955000,1,1.728
0x7da4931e0000,0x0000000b00545000,1,1.729
0x7da4931e1000,0x000000015659c000,0,1.606
0x7da4931e2000,0x00000006d45ed000,1,1.634
0x7da4931e3000,0x00000005b8600000,0,1.542
0x7da4931e4000,0x00000002cc73d000,1,1.634
0x7da4931e5000,0x00000005e7dd4000,0,1.608
0x7da4931e6000,0x00000004b3302000,0,1.597
0x7da4931e7000,0x0000000b30c3f000,1,1.727
0x7da4931e8000,0x0000000b5f92c000,0,1.531
0x7da4931e9000,0x00000007a1317000,1,1.636
0x7da4931ea000,0x00000003e4055000,1,1.695
0x7da4931eb000,0x000000053da94000,0,1.519
0x7da4931ec000,0x0000000b74fe8000,0,1.520
0x7da4931ed000,0x000000015735c000,0,1.568
0x7da4931ee000,0x0000000bb1bd0000,0,1.520
0x7da4931ef000,0x0000000889492000,0,1.564
0x7da4931f0000,0x00000008e7012000,0,1.478
0x7da4931f1000,0x0000000687796000,0,1.488
0x7da4931f2000,0x00000006941ad000,1,1.635
0x7da4931f3000,0x00000006742ce000,0,1.541
0x7da4931f4000,0x00000004c90e5000,1,1.655
0x7da4931f5000,0x00000004207bb000,1,1.728
0x7da4931f6000,0x00000007d7987000,1,1.696
0x7da4931f7000,0x00000008cc629000,1,1.726
0x7da4931f8000,0x0000000544a1f000,1,1.654
0x7da4931f9000,0x000000057629d000,1,1.634
0x7da4931fa000,0x0000000b28e9e000,0,1.519
0x7da4931fb000,0x00000009aff24000,0,1.521
0x7da4931fc000,0x0000000a4fbd1000,1,1.731
0x7da4931fd000,0x000000059ad34000,0,1.635
0x7da4931fe000,0x0000000a8c6bc000,0,1.540
0x7da4931ff000,0x000000056c66f000,1,1.656
