va,pa,imc_bdf,imc_vendor,imc_device,rir_entry,rir_raw,ways,way_sel,channel_bin
0x0000781c59000000,0x0000000c55deb000,0000:ae:0c.0,0x8086,0x2040,0,0x9000007e,2,0,512
0x0000781c59001000,0x000000072882e000,0000:ae:0c.0,0x8086,0x2040,0,0x9000007e,2,0,512
0x0000781c59002000,0x000000076c65c000,0000:ae:0c.0,0x8086,0x2040,0,0x9000007e,2,0,512
0x0000781c59003000,0x0000000c4eccf000,0000:ae:0c.0,0x8086,0x2040,0,0x9000007e,2,0,512
0x0000781c59004000,0x0000000a8c6cc000,0000:ae:0c.0,0x8086,0x2040,0,0x9000007e,2,0,512
0x0000781c59005000,0x0000000911389000,0000:ae:0c.0,0x8086,0x2040,0,0x9000007e,2,0,512
0x0000781c59006000,0x00000008c0aa3000,0000:ae:0c.0,0x8086,0x2040,0,0x9000007e,2,0,512
0x0000781c59007000,0x00000004615ba000,0000:ae:0c.0,0x8086,0x2040,0,0x9000007e,2,0,512
0x0000781c59008000,0x0000000ae93fa000,0000:ae:0c.0,0x8086,0x2040,0,0x9000007e,2,0,512
0x0000781c59009000,0x0000000b02ac1000,0000:ae:0c.0,0x8086,0x2040,0,0x9000007e,2,0,512
0x0000781c5900a000,0x00000008acc82000,0000:ae:0c.0,0x8086,0x2040,0,0x9000007e,2,0,512
0x0000781c5900b000,0x0000000412f7c000,0000:ae:0c.0,0x8086,0x2040,0,0x9000007e,2,0,512
0x0000781c5900c000,0x0000000c33094000,0000:ae:0c.0,0x8086,0x2040,0,0x9000007e,2,0,512
0x0000781c5900d000,0x0000000452cb4000,0000:ae:0c.0,0x8086,0x2040,0,0x9000007e,2,0,512
0x0000781c5900e000,0x000000093cff5000,0000:ae:0c.0,0x8086,0x2040,0,0x9000007e,2,0,512
0x0000781c5900f000,0x00000008e1c75000,0000:ae:0c.0,0x8086,0x2040,0,0x9000007e,2,0,512
0x0000781c59010000,0x0000000872fe1000,0000:ae:0c.0,0x8086,0x2040,0,0x9000007e,2,0,512
0x0000781c59011000,0x00000003bab95000,0000:ae:0c.0,0x8086,0x2040,0,0x9000007e,2,0,512
0x0000781c59012000,0x00000006464a2000,0000:ae:0c.0,0x8086,0x2040,0,0x9000007e,2,0,512
0x0000781c59013000,0x0000000567c78000,0000:ae:0c.0,0x8086,0x2040,0,0x9000007e,2,0,512
0x0000781c59014000,0x0000000426e46000,0000:ae:0c.0,0x8086,0x2040,0,0x9000007e,2,0,512
0x0000781c59015000,0x00000004b5deb000,0000:ae:0c.0,0x8086,0x2040,0,0x9000007e,2,0,512
0x0000781c59016000,0x000000089d504000,0000:ae:0c.0,0x8086,0x2040,0,0x9000007e,2,0,512
0x0000781c59017000,0x00000006d2988000,0000:ae:0c.0,0x8086,0x2040,0,0x9000007e,2,0,512
0x0000781c59018000,0x0000000b2fa42000,0000:ae:0c.0,0x8086,0x2040,0,0x9000007e,2,0,512
0x0000781c59019000,0x000000064d59e000,0000:ae:0c.0,0x8086,0x2040,0,0x9000007e,2,0,512
0x0000781c5901a000,0x0000000bb3fd6000,0000:ae:0c.0,0x8086,0x2040,0,0x9000007e,2,0,512
0x0000781c5901b000,0x0000000b07c28000,0000:ae:0c.0,0x8086,0x2040,0,0x9000007e,2,0,512
0x0000781c5901c000,0x00000007a269e000,0000:ae:0c.0,0x8086,0x2040,0,0x9000007e,2,0,512
0x0000781c5901d000,0x00000007b26e3000,0000:ae:0c.0,0x8086,0x2040,0,0x9000007e,2,0,512
0x0000781c5901e000,0x0000000ac9da6000,0000:ae:0c.0,0x8086,0x2040,0,0x9000007e,2,0,512
0x0000781c5901f000,0x00000005f6c94000,0000:ae:0c.0,0x8086,0x2040,0,0x9000007e,2,0,512
0x0000781c59020000,0x0000000b9f308000,0000:ae:0c.0,0x8086,0x2040,0,0x9000007e,2,0,512
0x0000781c59021000,0x0000000985e58000,0000:ae:0c.0,0x8086,0x2040,0,0x9000007e,2,0,512
0x0000781c59022000,0x000000049deb0000,0000:ae:0c.0,0x8086,0x2040,0,0x9000007e,2,0,512
0x0000781c59023000,0x0000000a25be3000,0000:ae:0c.0,0x8086,0x2040,0,0x9000007e,2,0,512
0x0000781c59024000,0x00000009f289e000,0000:ae:0c.0,0x8086,0x2040,0,0x9000007e,2,0,512
0x0000781c59025000,0x00000009a8e00000,0000:ae:0c.0,0x8086,0x2040,0,0x9000007e,2,0,512
0x0000781c59026000,0x0000000c6b7ae000,0000:ae:0c.0,0x8086,0x2040,0,0x9000007e,2,0,512
0x0000781c59027000,0x00000006283f9000,0000:ae:0c.0,0x8086,0x2040,0,0x9000007e,2,0,512
0x0000781c59028000,0x0000000771294000,0000:ae:0c.0,0x8086,0x2040,0,0x9000007e,2,0,512
0x0000781c59029000,0x00000005a07e3000,0000:ae:0c.0,0x8086,0x2040,0,0x9000007e,2,0,512
0x0000781c5902a000,0x00000004352a1000,0000:ae:0c.0,0x8086,0x2040,0,0x9000007e,2,0,512
0x0000781c5902b000,0x0000000c9741e000,0000:ae:0c.0,0x8086,0x2040,0,0x9000007e,2,0,512
0x0000781c5902c000,0x0000000c21e02000,0000:ae:0c.0,0x8086,0x2040,0,0x9000007e,2,0,512
0x0000781c5902d000,0x0000000c61507000,0000:ae:0c.0,0x8086,0x2040,0,0x9000007e,2,0,512
0x0000781c5902e000,0x0000000c4bed1000,0000:ae:0c.0,0x8086,0x2040,0,0x9000007e,2,0,512
0x0000781c5902f000,0x00000009e77b3000,0000:ae:0c.0,0x8086,0x2040,0,0x9000007e,2,0,512
0x0000781c59030000,0x00000007501c7000,0000:ae:0c.0,0x8086,0x2040,0,0x9000007e,2,0,512
0x0000781c59031000,0x0000000c5f711000,0000:ae:0c.0,0x8086,0x2040,0,0x9000007e,2,0,512
0x0000781c59032000,0x0000000c3f807000,0000:ae:0c.0,0x8086,0x2040,0,0x9000007e,2,0,512
0x0000781c59033000,0x00000006a5a21000,0000:ae:0c.0,0x8086,0x2040,0,0x9000007e,2,0,512
0x0000781c59034000,0x0000000c900eb000,0000:ae:0c.0,0x8086,0x2040,0,0x9000007e,2,0,512
0x0000781c59035000,0x0000000c5b51e000,0000:ae:0c.0,0x8086,0x2040,0,0x9000007e,2,0,512
0x0000781c59036000,0x0000000c8eb7b000,0000:ae:0c.0,0x8086,0x2040,0,0x9000007e,2,0,512
0x0000781c59037000,0x0000000c568e0000,0000:ae:0c.0,0x8086,0x2040,0,0x9000007e,2,0,512
0x0000781c59038000,0x0000000c56965000,0000:ae:0c.0,0x8086,0x2040,0,0x9000007e,2,0,512
0x0000781c59039000,0x0000000bcc535000,0000:ae:0c.0,0x8086,0x2040,0,0x9000007e,2,0,512
0x0000781c5903a000,0x0000000c98edc000,0000:ae:0c.0,0x8086,0x2040,0,0x9000007e,2,0,512
0x0000781c5903b000,0x0000000c4bc48000,0000:ae:0c.0,0x8086,0x2040,0,0x9000007e,2,0,512
0x0000781c5903c000,0x00000009be5d4000,0000:ae:0c.0,0x8086,0x2040,0,0x9000007e,2,0,512
0x0000781c5903d000,0x0000000cb7c5b000,0000:ae:0c.0,0x8086,0x2040,0,0x9000007e,2,0,512
0x0000781c5903e000,0x00000006e7fa1000,0000:ae:0c.0,0x8086,0x2040,0,0x9000007e,2,0,512
0x0000781c5903f000,0x0000000785015000,0000:ae:0c.0,0x8086,0x2040,0,0x9000007e,2,0,512
0x0000781c59040000,0x0000000b3c93e000,0000:ae:0c.0,0x8086,0x2040,0,0x9000007e,2,0,512
0x0000781c59041000,0x000000043a36e000,0000:ae:0c.0,0x8086,0x2040,0,0x9000007e,2,0,512
0x0000781c59042000,0x000000076aaa9000,0000:ae:0c.0,0x8086,0x2040,0,0x9000007e,2,0,512
0x0000781c59043000,0x000000068a97e000,0000:ae:0c.0,0x8086,0x2040,0,0x9000007e,2,0,512
0x0000781c59044000,0x0000000963ce8000,0000:ae:0c.0,0x8086,0x2040,0,0x9000007e,2,0,512
0x0000781c59045000,0x000000041c6ce000,0000:ae:0c.0,0x8086,0x2040,0,0x9000007e,2,0,512
0x0000781c59046000,0x00000003f73d5000,0000:ae:0c.0,0x8086,0x2040,0,0x9000007e,2,0,512
0x0000781c59047000,0x0000000c6dea4000,0000:ae:0c.0,0x8086,0x2040,0,0x9000007e,2,0,512
0x0000781c59048000,0x0000000390e61000,0000:ae:0c.0,0x8086,0x2040,0,0x9000007e,2,0,512
0x0000781c59049000,0x00000007223f3000,0000:ae:0c.0,0x8086,0x2040,0,0x9000007e,2,0,512
0x0000781c5904a000,0x0000000bbb9e7000,0000:ae:0c.0,0x8086,0x2040,0,0x9000007e,2,0,512
0x0000781c5904b000,0x0000000742ab0000,0000:ae:0c.0,0x8086,0x2040,0,0x9000007e,2,0,512
0x0000781c5904c000,0x0000000b78980000,0000:ae:0c.0,0x8086,0x2040,0,0x9000007e,2,0,512
0x0000781c5904d000,0x0000000b233ef000,0000:ae:0c.0,0x8086,0x2040,0,0x9000007e,2,0,512
0x0000781c5904e000,0x000000084d0cf000,0000:ae:0c.0,0x8086,0x2040,0,0x9000007e,2,0,512
0x0000781c5904f000,0x00000007b190b000,0000:ae:0c.0,0x8086,0x2040,0,0x9000007e,2,0,512
0x0000781c59050000,0x00000009e1918000,0000:ae:0c.0,0x8086,0x2040,0,0x9000007e,2,0,512
0x0000781c59051000,0x0000000a27195000,0000:ae:0c.0,0x8086,0x2040,0,0x9000007e,2,0,512
0x0000781c59052000,0x00000009880c1000,0000:ae:0c.0,0x8086,0x2040,0,0x9000007e,2,0,512
0x0000781c59053000,0x0000000c36a7a000,0000:ae:0c.0,0x8086,0x2040,0,0x9000007e,2,0,512
0x0000781c59054000,0x0000000c35e4a000,0000:ae:0c.0,0x8086,0x2040,0,0x9000007e,2,0,512
0x0000781c59055000,0x0000000733147000,0000:ae:0c.0,0x8086,0x2040,0,0x9000007e,2,0,512
0x0000781c59056000,0x00000004394d6000,0000:ae:0c.0,0x8086,0x2040,0,0x9000007e,2,0,512
0x0000781c59057000,0x00000004653ba000,0000:ae:0c.0,0x8086,0x2040,0,0x9000007e,2,0,512
0x0000781c59058000,0x0000000ad70fe000,0000:ae:0c.0,0x8086,0x2040,0,0x9000007e,2,0,512
0x0000781c59059000,0x000000037e588000,0000:ae:0c.0,0x8086,0x2040,0,0x9000007e,2,0,512
0x0000781c5905a000,0x00000006e33a1000,0000:ae:0c.0,0x8086,0x2040,0,0x9000007e,2,0,512
0x0000781c5905b000,0x00000005ca5da000,0000:ae:0c.0,0x8086,0x2040,0,0x9000007e,2,0,512
0x0000781c5905c000,0x000000021468f000,0000:ae:0c.0,0x8086,0x2040,0,0x9000007e,2,0,512
0x0000781c5905d000,0x00000009967d7000,0000:ae:0c.0,0x8086,0x2040,0,0x9000007e,2,0,512
0x0000781c5905e000,0x0000000344c58000,0000:ae:0c.0,0x8086,0x2040,0,0x9000007e,2,0,512
0x0000781c5905f000,0x0000000c2fff8000,0000:ae:0c.0,0x8086,0x2040,0,0x9000007e,2,0,512
0x0000781c59060000,0x00000003e7d77000,0000:ae:0c.0,0x8086,0x2040,0,0x9000007e,2,0,512
0x0000781c59061000,0x00000009060cb000,0000:ae:0c.0,0x8086,0x2040,0,0x9000007e,2,0,512
0x0000781c59062000,0x000000077534e000,0000:ae:0c.0,0x8086,0x2040,0,0x9000007e,2,0,512
0x0000781c59063000,0x00000005d5296000,0000:ae:0c.0,0x8086,0x2040,0,0x9000007e,2,0,512
0x0000781c59064000,0x00000003f58f0000,0000:ae:0c.0,0x8086,0x2040,0,0x9000007e,2,0,512
0x0000781c59065000,0x0000000c35399000,0000:ae:0c.0,0x8086,0x2040,0,0x9000007e,2,0,512
0x0000781c59066000,0x00000006bf2a9000,0000:ae:0c.0,0x8086,0x2040,0,0x9000007e,2,0,512
0x0000781c59067000,0x00000004131eb000,0000:ae:0c.0,0x8086,0x2040,0,0x9000007e,2,0,512
0x0000781c59068000,0x00000009db023000,0000:ae:0c.0,0x8086,0x2040,0,0x9000007e,2,0,512
0x0000781c59069000,0x00000004a241a000,0000:ae:0c.0,0x8086,0x2040,0,0x9000007e,2,0,512
0x0000781c5906a000,0x00000007c8877000,0000:ae:0c.0,0x8086,0x2040,0,0x9000007e,2,0,512
0x0000781c5906b000,0x0000000358128000,0000:ae:0c.0,0x8086,0x2040,0,0x9000007e,2,0,512
0x0000781c5906c000,0x00000007ffdbb000,0000:ae:0c.0,0x8086,0x2040,0,0x9000007e,2,0,512
0x0000781c5906d000,0x00000009d5956000,0000:ae:0c.0,0x8086,0x2040,0,0x9000007e,2,0,512
0x0000781c5906e000,0x0000000b585fa000,0000:ae:0c.0,0x8086,0x2040,0,0x9000007e,2,0,512
0x0000781c5906f000,0x0000000ca8d74000,0000:ae:0c.0,0x8086,0x2040,0,0x9000007e,2,0,512
0x0000781c59070000,0x00000007cf89a000,0000:ae:0c.0,0x8086,0x2040,0,0x9000007e,2,0,512
0x0000781c59071000,0x000000054b6d5000,0000:ae:0c.0,0x8086,0x2040,0,0x9000007e,2,0,512
0x0000781c59072000,0x000000038e325000,0000:ae:0c.0,0x8086,0x2040,0,0x9000007e,2,0,512
0x0000781c59073000,0x00000002b6169000,0000:ae:0c.0,0x8086,0x2040,0,0x9000007e,2,0,512
0x0000781c59074000,0x0000000cb0f70000,0000:ae:0c.0,0x8086,0x2040,0,0x9000007e,2,0,512
0x0000781c59075000,0x0000000c2ba0d000,0000:ae:0c.0,0x8086,0x2040,0,0x9000007e,2,0,512
0x0000781c59076000,0x000000037ae05000,0000:ae:0c.0,0x8086,0x2040,0,0x9000007e,2,0,512
0x0000781c59077000,0x000000062ba59000,0000:ae:0c.0,0x8086,0x2040,0,0x9000007e,2,0,512
0x0000781c59078000,0x0000000726094000,0000:ae:0c.0,0x8086,0x2040,0,0x9000007e,2,0,512
0x0000781c59079000,0x00000009d9589000,0000:ae:0c.0,0x8086,0x2040,0,0x9000007e,2,0,512
0x0000781c5907a000,0x00000007c3350000,0000:ae:0c.0,0x8086,0x2040,0,0x9000007e,2,0,512
0x0000781c5907b000,0x000000035498d000,0000:ae:0c.0,0x8086,0x2040,0,0x9000007e,2,0,512
0x0000781c5907c000,0x0000000b609fa000,0000:ae:0c.0,0x8086,0x2040,0,0x9000007e,2,0,512
0x0000781c5907d000,0x0000000477861000,0000:ae:0c.0,0x8086,0x2040,0,0x9000007e,2,0,512
0x0000781c5907e000,0x00000001e4034000,0000:ae:0c.0,0x8086,0x2040,0,0x9000007e,2,0,512
0x0000781c5907f000,0x00000006e18a9000,0000:ae:0c.0,0x8086,0x2040,0,0x9000007e,2,0,512
0x0000781c59080000,0x0000000bdcaa0000,0000:ae:0c.0,0x8086,0x2040,0,0x9000007e,2,0,512
0x0000781c59081000,0x00000009a8ffe000,0000:ae:0c.0,0x8086,0x2040,0,0x9000007e,2,0,512
0x0000781c59082000,0x0000000621a59000,0000:ae:0c.0,0x8086,0x2040,0,0x9000007e,2,0,512
0x0000781c59083000,0x0000000418e69000,0000:ae:0c.0,0x8086,0x2040,0,0x9000007e,2,0,512
0x0000781c59084000,0x0000000a41f27000,0000:ae:0c.0,0x8086,0x2040,0,0x9000007e,2,0,512
0x0000781c59085000,0x00000008f665f000,0000:ae:0c.0,0x8086,0x2040,0,0x9000007e,2,0,512
0x0000781c59086000,0x00000005b8625000,0000:ae:0c.0,0x8086,0x2040,0,0x9000007e,2,0,512
0x0000781c59087000,0x00000003f3a94000,0000:ae:0c.0,0x8086,0x2040,0,0x9000007e,2,0,512
0x0000781c59088000,0x0000000395ccc000,0000:ae:0c.0,0x8086,0x2040,0,0x9000007e,2,0,512
0x0000781c59089000,0x000000042cc81000,0000:ae:0c.0,0x8086,0x2040,0,0x9000007e,2,0,512
0x0000781c5908a000,0x0000000c869d0000,0000:ae:0c.0,0x8086,0x2040,0,0x9000007e,2,0,512
0x0000781c5908b000,0x00000002a4269000,0000:ae:0c.0,0x8086,0x2040,0,0x9000007e,2,0,512
0x0000781c5908c000,0x0000000c751f5000,0000:ae:0c.0,0x8086,0x2040,0,0x9000007e,2,0,512
0x0000781c5908d000,0x0000000c7dc5b000,0000:ae:0c.0,0x8086,0x2040,0,0x9000007e,2,0,512
0x0000781c5908e000,0x00000009db0b3000,0000:ae:0c.0,0x8086,0x2040,0,0x9000007e,2,0,512
0x0000781c5908f000,0x000000044596f000,0000:ae:0c.0,0x8086,0x2040,0,0x9000007e,2,0,512
0x0000781c59090000,0x0000000502542000,0000:ae:0c.0,0x8086,0x2040,0,0x9000007e,2,0,512
0x0000781c59091000,0x000000073f0c3000,0000:ae:0c.0,0x8086,0x2040,0,0x9000007e,2,0,512
0x0000781c59092000,0x0000000b0d701000,0000:ae:0c.0,0x8086,0x2040,0,0x9000007e,2,0,512
0x0000781c59093000,0x00000003f44b9000,0000:ae:0c.0,0x8086,0x2040,0,0x9000007e,2,0,512
0x0000781c59094000,0x0000000544b21000,0000:ae:0c.0,0x8086,0x2040,0,0x9000007e,2,0,512
0x0000781c59095000,0x00000003f3918000,0000:ae:0c.0,0x8086,0x2040,0,0x9000007e,2,0,512
0x0000781c59096000,0x00000003f62d9000,0000:ae:0c.0,0x8086,0x2040,0,0x9000007e,2,0,512
0x0000781c59097000,0x00000003b9b6a000,0000:ae:0c.0,0x8086,0x2040,0,0x9000007e,2,0,512
0x0000781c59098000,0x000000037380a000,0000:ae:0c.0,0x8086,0x2040,0,0x9000007e,2,0,512
0x0000781c59099000,0x00000003186af000,0000:ae:0c.0,0x8086,0x2040,0,0x9000007e,2,0,512
0x0000781c5909a000,0x00000002af681000,0000:ae:0c.0,0x8086,0x2040,0,0x9000007e,2,0,512
0x0000781c5909b000,0x00000001dc739000,0000:ae:0c.0,0x8086,0x2040,0,0x9000007e,2,0,512
0x0000781c5909c000,0x0000000c3035d000,0000:ae:0c.0,0x8086,0x2040,0,0x9000007e,2,0,512
0x0000781c5909d000,0x0000000853672000,0000:ae:0c.0,0x8086,0x2040,0,0x9000007e,2,0,512
0x0000781c5909e000,0x00000002f51af000,0000:ae:0c.0,0x8086,0x2040,0,0x9000007e,2,0,512
0x0000781c5909f000,0x0000000b6da56000,0000:ae:0c.0,0x8086,0x2040,0,0x9000007e,2,0,512
0x0000781c590a0000,0x0000000c53d3d000,0000:ae:0c.0,0x8086,0x2040,0,0x9000007e,2,0,512
0x0000781c590a1000,0x0000000cb1620000,0000:ae:0c.0,0x8086,0x2040,0,0x9000007e,2,0,512
0x0000781c590a2000,0x00000007daddf000,0000:ae:0c.0,0x8086,0x2040,0,0x9000007e,2,0,512
0x0000781c590a3000,0x000000043af6b000,0000:ae:0c.0,0x8086,0x2040,0,0x9000007e,2,0,512
0x0000781c590a4000,0x0000000c216b8000,0000:ae:0c.0,0x8086,0x2040,0,0x9000007e,2,0,512
0x0000781c590a5000,0x0000000b9fc34000,0000:ae:0c.0,0x8086,0x2040,0,0x9000007e,2,0,512
0x0000781c590a6000,0x0000000c362f4000,0000:ae:0c.0,0x8086,0x2040,0,0x9000007e,2,0,512
0x0000781c590a7000,0x0000000a8d450000,0000:ae:0c.0,0x8086,0x2040,0,0x9000007e,2,0,512
0x0000781c590a8000,0x000000085778a000,0000:ae:0c.0,0x8086,0x2040,0,0x9000007e,2,0,512
0x0000781c590a9000,0x00000003e920b000,0000:ae:0c.0,0x8086,0x2040,0,0x9000007e,2,0,512
0x0000781c590aa000,0x0000000918bfa000,0000:ae:0c.0,0x8086,0x2040,0,0x9000007e,2,0,512
0x0000781c590ab000,0x0000000c55730000,0000:ae:0c.0,0x8086,0x2040,0,0x9000007e,2,0,512
0x0000781c590ac000,0x0000000c34a44000,0000:ae:0c.0,0x8086,0x2040,0,0x9000007e,2,0,512
0x0000781c590ad000,0x0000000c53bf7000,0000:ae:0c.0,0x8086,0x2040,0,0x9000007e,2,0,512
0x0000781c590ae000,0x0000000b128ef000,0000:ae:0c.0,0x8086,0x2040,0,0x9000007e,2,0,512
0x0000781c590af000,0x0000000a3584f000,0000:ae:0c.0,0x8086,0x2040,0,0x9000007e,2,0,512
0x0000781c590b0000,0x00000007e2648000,0000:ae:0c.0,0x8086,0x2040,0,0x9000007e,2,0,512
0x0000781c590b1000,0x0000000782140000,0000:ae:0c.0,0x8086,0x2040,0,0x9000007e,2,0,512
0x0000781c590b2000,0x0000000214d3f000,0000:ae:0c.0,0x8086,0x2040,0,0x9000007e,2,0,512
0x0000781c590b3000,0x000000085708c000,0000:ae:0c.0,0x8086,0x2040,0,0x9000007e,2,0,512
0x0000781c590b4000,0x0000000c50ca2000,0000:ae:0c.0,0x8086,0x2040,0,0x9000007e,2,0,512
0x0000781c590b5000,0x00000002bedad000,0000:ae:0c.0,0x8086,0x2040,0,0x9000007e,2,0,512
0x0000781c590b6000,0x00000007be529000,0000:ae:0c.0,0x8086,0x2040,0,0x9000007e,2,0,512
0x0000781c590b7000,0x0000000ad9be7000,0000:ae:0c.0,0x8086,0x2040,0,0x9000007e,2,0,512
0x0000781c590b8000,0x000000087b312000,0000:ae:0c.0,0x8086,0x2040,0,0x9000007e,2,0,512
0x0000781c590b9000,0x0000000aac886000,0000:ae:0c.0,0x8086,0x2040,0,0x9000007e,2,0,512
0x0000781c590ba000,0x000000077f35d000,0000:ae:0c.0,0x8086,0x2040,0,0x9000007e,2,0,512
0x0000781c590bb000,0x0000000a7d717000,0000:ae:0c.0,0x8086,0x2040,0,0x9000007e,2,0,512
0x0000781c590bc000,0x00000007252e0000,0000:ae:0c.0,0x8086,0x2040,0,0x9000007e,2,0,512
0x0000781c590bd000,0x00000002ec68f000,0000:ae:0c.0,0x8086,0x2040,0,0x9000007e,2,0,512
0x0000781c590be000,0x0000000c9212a000,0000:ae:0c.0,0x8086,0x2040,0,0x9000007e,2,0,512
0x0000781c590bf000,0x00000007cfc27000,0000:ae:0c.0,0x8086,0x2040,0,0x9000007e,2,0,512
0x0000781c590c0000,0x0000000381457000,0000:ae:0c.0,0x8086,0x2040,0,0x9000007e,2,0,512
0x0000781c590c1000,0x0000000cbe33c000,0000:ae:0c.0,0x8086,0x2040,0,0x9000007e,2,0,512
0x0000781c590c2000,0x0000000cace90000,0000:ae:0c.0,0x8086,0x2040,0,0x9000007e,2,0,512
0x0000781c590c3000,0x0000000678883000,0000:ae:0c.0,0x8086,0x2040,0,0x9000007e,2,0,512
0x0000781c590c4000,0x000000080101f000,0000:ae:0c.0,0x8086,0x2040,0,0x9000007e,2,0,512
0x0000781c590c5000,0x00000006c3218000,0000:ae:0c.0,0x8086,0x2040,0,0x9000007e,2,0,512
0x0000781c590c6000,0x00000009fe9fa000,0000:ae:0c.0,0x8086,0x2040,0,0x9000007e,2,0,512
0x0000781c590c7000,0x00000007d97bc000,0000:ae:0c.0,0x8086,0x2040,0,0x9000007e,2,0,512
0x0000781c590c8000,0x00000003e7d2f000,0000:ae:0c.0,0x8086,0x2040,0,0x9000007e,2,0,512
0x0000781c590c9000,0x0000000bdce8f000,0000:ae:0c.0,0x8086,0x2040,0,0x9000007e,2,0,512
0x0000781c590ca000,0x0000000457c9e000,0000:ae:0c.0,0x8086,0x2040,0,0x9000007e,2,0,512
0x0000781c590cb000,0x0000000b7edb1000,0000:ae:0c.0,0x8086,0x2040,0,0x9000007e,2,0,512
0x0000781c590cc000,0x0000000c90e47000,0000:ae:0c.0,0x8086,0x2040,0,0x9000007e,2,0,512
0x0000781c590cd000,0x0000000c29573000,0000:ae:0c.0,0x8086,0x2040,0,0x9000007e,2,0,512
0x0000781c590ce000,0x0000000c55eb6000,0000:ae:0c.0,0x8086,0x2040,0,0x9000007e,2,0,512
0x0000781c590cf000,0x0000000ca83d1000,0000:ae:0c.0,0x8086,0x2040,0,0x9000007e,2,0,512
0x0000781c590d0000,0x0000000c438dd000,0000:ae:0c.0,0x8086,0x2040,0,0x9000007e,2,0,512
0x0000781c590d1000,0x0000000ca62fe000,0000:ae:0c.0,0x8086,0x2040,0,0x9000007e,2,0,512
0x0000781c590d2000,0x0000000c526c1000,0000:ae:0c.0,0x8086,0x2040,0,0x9000007e,2,0,512
0x0000781c590d3000,0x0000000bf66ed000,0000:ae:0c.0,0x8086,0x2040,0,0x9000007e,2,0,512
0x0000781c590d4000,0x0000000bf88fb000,0000:ae:0c.0,0x8086,0x2040,0,0x9000007e,2,0,512
0x0000781c590d5000,0x00000007a9f65000,0000:ae:0c.0,0x8086,0x2040,0,0x9000007e,2,0,512
0x0000781c590d6000,0x0000000c30a30000,0000:ae:0c.0,0x8086,0x2040,0,0x9000007e,2,0,512
0x0000781c590d7000,0x00000009de598000,0000:ae:0c.0,0x8086,0x2040,0,0x9000007e,2,0,512
0x0000781c590d8000,0x00000003b6594000,0000:ae:0c.0,0x8086,0x2040,0,0x9000007e,2,0,512
0x0000781c590d9000,0x0000000cae143000,0000:ae:0c.0,0x8086,0x2040,0,0x9000007e,2,0,512
0x0000781c590da000,0x000000091829e000,0000:ae:0c.0,0x8086,0x2040,0,0x9000007e,2,0,512
0x0000781c590db000,0x00000002a6652000,0000:ae:0c.0,0x8086,0x2040,0,0x9000007e,2,0,512
0x0000781c590dc000,0x0000000a910cd000,0000:ae:0c.0,0x8086,0x2040,0,0x9000007e,2,0,512
0x0000781c590dd000,0x0000000c04ae6000,0000:ae:0c.0,0x8086,0x2040,0,0x9000007e,2,0,512
0x0000781c590de000,0x000000083f80c000,0000:ae:0c.0,0x8086,0x2040,0,0x9000007e,2,0,512
0x0000781c590df000,0x00000008461a4000,0000:ae:0c.0,0x8086,0x2040,0,0x9000007e,2,0,512
0x0000781c590e0000,0x0000000299ee2000,0000:ae:0c.0,0x8086,0x2040,0,0x9000007e,2,0,512
0x0000781c590e1000,0x0000000536e6a000,0000:ae:0c.0,0x8086,0x2040,0,0x9000007e,2,0,512
0x0000781c590e2000,0x0000000667f2b000,0000:ae:0c.0,0x8086,0x2040,0,0x9000007e,2,0,512
0x0000781c590e3000,0x00000009cb7cd000,0000:ae:0c.0,0x8086,0x2040,0,0x9000007e,2,0,512
0x0000781c590e4000,0x00000008bd7ee000,0000:ae:0c.0,0x8086,0x2040,0,0x9000007e,2,0,512
0x0000781c590e5000,0x00000007fa057000,0000:ae:0c.0,0x8086,0x2040,0,0x9000007e,2,0,512
0x0000781c590e6000,0x0000000675679000,0000:ae:0c.0,0x8086,0x2040,0,0x9000007e,2,0,512
0x0000781c590e7000,0x000000086d526000,0000:ae:0c.0,0x8086,0x2040,0,0x9000007e,2,0,512
0x0000781c590e8000,0x0000000c52e68000,0000:ae:0c.0,0x8086,0x2040,0,0x9000007e,2,0,512
0x0000781c590e9000,0x000000098682b000,0000:ae:0c.0,0x8086,0x2040,0,0x9000007e,2,0,512
0x0000781c590ea000,0x00000009961ec000,0000:ae:0c.0,0x8086,0x2040,0,0x9000007e,2,0,512
0x0000781c590eb000,0x000000058c1c1000,0000:ae:0c.0,0x8086,0x2040,0,0x9000007e,2,0,512
0x0000781c590ec000,0x0000000c861e9000,0000:ae:0c.0,0x8086,0x2040,0,0x9000007e,2,0,512
0x0000781c590ed000,0x0000000783645000,0000:ae:0c.0,0x8086,0x2040,0,0x9000007e,2,0,512
0x0000781c590ee000,0x00000009d9397000,0000:ae:0c.0,0x8086,0x2040,0,0x9000007e,2,0,512
0x0000781c590ef000,0x000000085058a000,0000:ae:0c.0,0x8086,0x2040,0,0x9000007e,2,0,512
0x0000781c590f0000,0x000000077a093000,0000:ae:0c.0,0x8086,0x2040,0,0x9000007e,2,0,512
0x0000781c590f1000,0x0000000ca6424000,0000:ae:0c.0,0x8086,0x2040,0,0x9000007e,2,0,512
0x0000781c590f2000,0x0000000c7aa49000,0000:ae:0c.0,0x8086,0x2040,0,0x9000007e,2,0,512
0x0000781c590f3000,0x00000005c62ae000,0000:ae:0c.0,0x8086,0x2040,0,0x9000007e,2,0,512
0x0000781c590f4000,0x0000000710703000,0000:ae:0c.0,0x8086,0x2040,0,0x9000007e,2,0,512
0x0000781c590f5000,0x0000000a92d1d000,0000:ae:0c.0,0x8086,0x2040,0,0x9000007e,2,0,512
0x0000781c590f6000,0x00000003ebfca000,0000:ae:0c.0,0x8086,0x2040,0,0x9000007e,2,0,512
0x0000781c590f7000,0x000000076c670000,0000:ae:0c.0,0x8086,0x2040,0,0x9000007e,2,0,512
0x0000781c590f8000,0x0000000141bfd000,0000:ae:0c.0,0x8086,0x2040,0,0x9000007e,2,0,512
0x0000781c590f9000,0x0000000a8ef2f000,0000:ae:0c.0,0x8086,0x2040,0,0x9000007e,2,0,512
0x0000781c590fa000,0x000000015ed03000,0000:ae:0c.0,0x8086,0x2040,0,0x9000007e,2,0,512
0x0000781c590fb000,0x0000000a25be6000,0000:ae:0c.0,0x8086,0x2040,0,0x9000007e,2,0,512
0x0000781c590fc000,0x000000061c4ce000,0000:ae:0c.0,0x8086,0x2040,0,0x9000007e,2,0,512
0x0000781c590fd000,0x0000000c3f891000,0000:ae:0c.0,0x8086,0x2040,0,0x9000007e,2,0,512
0x0000781c590fe000,0x000000020bb37000,0000:ae:0c.0,0x8086,0x2040,0,0x9000007e,2,0,512
0x0000781c590ff000,0x0000000c8e129000,0000:ae:0c.0,0x8086,0x2040,0,0x9000007e,2,0,512
