va,pa,imc_bdf,imc_vendor,imc_device,rir_entry,rir_raw,ways,way_sel,channel_guess,notes
0x0070c5a8200000,0x00000cc75fc000,0000:ae:0c.0,0x8086,0x2040,0,0x9000007e,2,0,0,
0x0070c5a8200040,0x00000cc75fc040,0000:ae:0c.0,0x8086,0x2040,0,0x9000007e,2,1,1,
0x0070c5a8200080,0x00000cc75fc080,0000:ae:0c.0,0x8086,0x2040,0,0x9000007e,2,0,0,
0x0070c5a82000c0,0x00000cc75fc0c0,0000:ae:0c.0,0x8086,0x2040,0,0x9000007e,2,1,1,
0x0070c5a8200100,0x00000cc75fc100,0000:ae:0c.0,0x8086,0x2040,0,0x9000007e,2,0,0,
0x0070c5a8200140,0x00000cc75fc140,0000:ae:0c.0,0x8086,0x2040,0,0x9000007e,2,1,1,
0x0070c5a8200180,0x00000cc75fc180,0000:ae:0c.0,0x8086,0x2040,0,0x9000007e,2,0,0,
0x0070c5a82001c0,0x00000cc75fc1c0,0000:ae:0c.0,0x8086,0x2040,0,0x9000007e,2,1,1,
0x0070c5a8200200,0x00000cc75fc200,0000:ae:0c.0,0x8086,0x2040,0,0x9000007e,2,0,0,
0x0070c5a8200240,0x00000cc75fc240,0000:ae:0c.0,0x8086,0x2040,0,0x9000007e,2,1,1,
0x0070c5a8200280,0x00000cc75fc280,0000:ae:0c.0,0x8086,0x2040,0,0x9000007e,2,0,0,
0x0070c5a82002c0,0x00000cc75fc2c0,0000:ae:0c.0,0x8086,0x2040,0,0x9000007e,2,1,1,
0x0070c5a8200300,0x00000cc75fc300,0000:ae:0c.0,0x8086,0x2040,0,0x9000007e,2,0,0,
0x0070c5a8200340,0x00000cc75fc340,0000:ae:0c.0,0x8086,0x2040,0,0x9000007e,2,1,1,
0x0070c5a8200380,0x00000cc75fc380,0000:ae:0c.0,0x8086,0x2040,0,0x9000007e,2,0,0,
0x0070c5a82003c0,0x00000cc75fc3c0,0000:ae:0c.0,0x8086,0x2040,0,0x9000007e,2,1,1,
0x0070c5a8200400,0x00000cc75fc400,0000:ae:0c.0,0x8086,0x2040,0,0x9000007e,2,0,0,
0x0070c5a8200440,0x00000cc75fc440,0000:ae:0c.0,0x8086,0x2040,0,0x9000007e,2,1,1,
0x0070c5a8200480,0x00000cc75fc480,0000:ae:0c.0,0x8086,0x2040,0,0x9000007e,2,0,0,
0x0070c5a82004c0,0x00000cc75fc4c0,0000:ae:0c.0,0x8086,0x2040,0,0x9000007e,2,1,1,
0x0070c5a8200500,0x00000cc75fc500,0000:ae:0c.0,0x8086,0x2040,0,0x9000007e,2,0,0,
0x0070c5a8200540,0x00000cc75fc540,0000:ae:0c.0,0x8086,0x2040,0,0x9000007e,2,1,1,
0x0070c5a8200580,0x00000cc75fc580,0000:ae:0c.0,0x8086,0x2040,0,0x9000007e,2,0,0,
0x0070c5a82005c0,0x00000cc75fc5c0,0000:ae:0c.0,0x8086,0x2040,0,0x9000007e,2,1,1,
0x0070c5a8200600,0x00000cc75fc600,0000:ae:0c.0,0x8086,0x2040,0,0x9000007e,2,0,0,
0x0070c5a8200640,0x00000cc75fc640,0000:ae:0c.0,0x8086,0x2040,0,0x9000007e,2,1,1,
0x0070c5a8200680,0x00000cc75fc680,0000:ae:0c.0,0x8086,0x2040,0,0x9000007e,2,0,0,
0x0070c5a82006c0,0x00000cc75fc6c0,0000:ae:0c.0,0x8086,0x2040,0,0x9000007e,2,1,1,
0x0070c5a8200700,0x00000cc75fc700,0000:ae:0c.0,0x8086,0x2040,0,0x9000007e,2,0,0,
0x0070c5a8200740,0x00000cc75fc740,0000:ae:0c.0,0x8086,0x2040,0,0x9000007e,2,1,1,
0x0070c5a8200780,0x00000cc75fc780,0000:ae:0c.0,0x8086,0x2040,0,0x9000007e,2,0,0,
0x0070c5a82007c0,0x00000cc75fc7c0,0000:ae:0c.0,0x8086,0x2040,0,0x9000007e,2,1,1,
0x0070c5a8200800,0x00000cc75fc800,0000:ae:0c.0,0x8086,0x2040,0,0x9000007e,2,0,0,
0x0070c5a8200840,0x00000cc75fc840,0000:ae:0c.0,0x8086,0x2040,0,0x9000007e,2,1,1,
0x0070c5a8200880,0x00000cc75fc880,0000:ae:0c.0,0x8086,0x2040,0,0x9000007e,2,0,0,
0x0070c5a82008c0,0x00000cc75fc8c0,0000:ae:0c.0,0x8086,0x2040,0,0x9000007e,2,1,1,
0x0070c5a8200900,0x00000cc75fc900,0000:ae:0c.0,0x8086,0x2040,0,0x9000007e,2,0,0,
0x0070c5a8200940,0x00000cc75fc940,0000:ae:0c.0,0x8086,0x2040,0,0x9000007e,2,1,1,
0x0070c5a8200980,0x00000cc75fc980,0000:ae:0c.0,0x8086,0x2040,0,0x9000007e,2,0,0,
0x0070c5a82009c0,0x00000cc75fc9c0,0000:ae:0c.0,0x8086,0x2040,0,0x9000007e,2,1,1,
0x0070c5a8200a00,0x00000cc75fca00,0000:ae:0c.0,0x8086,0x2040,0,0x9000007e,2,0,0,
0x0070c5a8200a40,0x00000cc75fca40,0000:ae:0c.0,0x8086,0x2040,0,0x9000007e,2,1,1,
0x0070c5a8200a80,0x00000cc75fca80,0000:ae:0c.0,0x8086,0x2040,0,0x9000007e,2,0,0,
0x0070c5a8200ac0,0x00000cc75fcac0,0000:ae:0c.0,0x8086,0x2040,0,0x9000007e,2,1,1,
0x0070c5a8200b00,0x00000cc75fcb00,0000:ae:0c.0,0x8086,0x2040,0,0x9000007e,2,0,0,
0x0070c5a8200b40,0x00000cc75fcb40,0000:ae:0c.0,0x8086,0x2040,0,0x9000007e,2,1,1,
0x0070c5a8200b80,0x00000cc75fcb80,0000:ae:0c.0,0x8086,0x2040,0,0x9000007e,2,0,0,
0x0070c5a8200bc0,0x00000cc75fcbc0,0000:ae:0c.0,0x8086,0x2040,0,0x9000007e,2,1,1,
0x0070c5a8200c00,0x00000cc75fcc00,0000:ae:0c.0,0x8086,0x2040,0,0x9000007e,2,0,0,
0x0070c5a8200c40,0x00000cc75fcc40,0000:ae:0c.0,0x8086,0x2040,0,0x9000007e,2,1,1,
0x0070c5a8200c80,0x00000cc75fcc80,0000:ae:0c.0,0x8086,0x2040,0,0x9000007e,2,0,0,
0x0070c5a8200cc0,0x00000cc75fccc0,0000:ae:0c.0,0x8086,0x2040,0,0x9000007e,2,1,1,
0x0070c5a8200d00,0x00000cc75fcd00,0000:ae:0c.0,0x8086,0x2040,0,0x9000007e,2,0,0,
0x0070c5a8200d40,0x00000cc75fcd40,0000:ae:0c.0,0x8086,0x2040,0,0x9000007e,2,1,1,
0x0070c5a8200d80,0x00000cc75fcd80,0000:ae:0c.0,0x8086,0x2040,0,0x9000007e,2,0,0,
0x0070c5a8200dc0,0x00000cc75fcdc0,0000:ae:0c.0,0x8086,0x2040,0,0x9000007e,2,1,1,
0x0070c5a8200e00,0x00000cc75fce00,0000:ae:0c.0,0x8086,0x2040,0,0x9000007e,2,0,0,
0x0070c5a8200e40,0x00000cc75fce40,0000:ae:0c.0,0x8086,0x2040,0,0x9000007e,2,1,1,
0x0070c5a8200e80,0x00000cc75fce80,0000:ae:0c.0,0x8086,0x2040,0,0x9000007e,2,0,0,
0x0070c5a8200ec0,0x00000cc75fcec0,0000:ae:0c.0,0x8086,0x2040,0,0x9000007e,2,1,1,
0x0070c5a8200f00,0x00000cc75fcf00,0000:ae:0c.0,0x8086,0x2040,0,0x9000007e,2,0,0,
0x0070c5a8200f40,0x00000cc75fcf40,0000:ae:0c.0,0x8086,0x2040,0,0x9000007e,2,1,1,
0x0070c5a8200f80,0x00000cc75fcf80,0000:ae:0c.0,0x8086,0x2040,0,0x9000007e,2,0,0,
0x0070c5a8200fc0,0x00000cc75fcfc0,0000:ae:0c.0,0x8086,0x2040,0,0x9000007e,2,1,1,
0x0070c5a8201000,0x00000cc75ee000,0000:ae:0c.0,0x8086,0x2040,0,0x9000007e,2,0,0,
0x0070c5a8201040,0x00000cc75ee040,0000:ae:0c.0,0x8086,0x2040,0,0x9000007e,2,1,1,
0x0070c5a8201080,0x00000cc75ee080,0000:ae:0c.0,0x8086,0x2040,0,0x9000007e,2,0,0,
0x0070c5a82010c0,0x00000cc75ee0c0,0000:ae:0c.0,0x8086,0x2040,0,0x9000007e,2,1,1,
0x0070c5a8201100,0x00000cc75ee100,0000:ae:0c.0,0x8086,0x2040,0,0x9000007e,2,0,0,
0x0070c5a8201140,0x00000cc75ee140,0000:ae:0c.0,0x8086,0x2040,0,0x9000007e,2,1,1,
0x0070c5a8201180,0x00000cc75ee180,0000:ae:0c.0,0x8086,0x2040,0,0x9000007e,2,0,0,
0x0070c5a82011c0,0x00000cc75ee1c0,0000:ae:0c.0,0x8086,0x2040,0,0x9000007e,2,1,1,
0x0070c5a8201200,0x00000cc75ee200,0000:ae:0c.0,0x8086,0x2040,0,0x9000007e,2,0,0,
0x0070c5a8201240,0x00000cc75ee240,0000:ae:0c.0,0x8086,0x2040,0,0x9000007e,2,1,1,
0x0070c5a8201280,0x00000cc75ee280,0000:ae:0c.0,0x8086,0x2040,0,0x9000007e,2,0,0,
0x0070c5a82012c0,0x00000cc75ee2c0,0000:ae:0c.0,0x8086,0x2040,0,0x9000007e,2,1,1,
0x0070c5a8201300,0x00000cc75ee300,0000:ae:0c.0,0x8086,0x2040,0,0x9000007e,2,0,0,
0x0070c5a8201340,0x00000cc75ee340,0000:ae:0c.0,0x8086,0x2040,0,0x9000007e,2,1,1,
0x0070c5a8201380,0x00000cc75ee380,0000:ae:0c.0,0x8086,0x2040,0,0x9000007e,2,0,0,
0x0070c5a82013c0,0x00000cc75ee3c0,0000:ae:0c.0,0x8086,0x2040,0,0x9000007e,2,1,1,
0x0070c5a8201400,0x00000cc75ee400,0000:ae:0c.0,0x8086,0x2040,0,0x9000007e,2,0,0,
0x0070c5a8201440,0x00000cc75ee440,0000:ae:0c.0,0x8086,0x2040,0,0x9000007e,2,1,1,
0x0070c5a8201480,0x00000cc75ee480,0000:ae:0c.0,0x8086,0x2040,0,0x9000007e,2,0,0,
0x0070c5a82014c0,0x00000cc75ee4c0,0000:ae:0c.0,0x8086,0x2040,0,0x9000007e,2,1,1,
0x0070c5a8201500,0x00000cc75ee500,0000:ae:0c.0,0x8086,0x2040,0,0x9000007e,2,0,0,
0x0070c5a8201540,0x00000cc75ee540,0000:ae:0c.0,0x8086,0x2040,0,0x9000007e,2,1,1,
0x0070c5a8201580,0x00000cc75ee580,0000:ae:0c.0,0x8086,0x2040,0,0x9000007e,2,0,0,
0x0070c5a82015c0,0x00000cc75ee5c0,0000:ae:0c.0,0x8086,0x2040,0,0x9000007e,2,1,1,
0x0070c5a8201600,0x00000cc75ee600,0000:ae:0c.0,0x8086,0x2040,0,0x9000007e,2,0,0,
0x0070c5a8201640,0x00000cc75ee640,0000:ae:0c.0,0x8086,0x2040,0,0x9000007e,2,1,1,
0x0070c5a8201680,0x00000cc75ee680,0000:ae:0c.0,0x8086,0x2040,0,0x9000007e,2,0,0,
0x0070c5a82016c0,0x00000cc75ee6c0,0000:ae:0c.0,0x8086,0x2040,0,0x9000007e,2,1,1,
0x0070c5a8201700,0x00000cc75ee700,0000:ae:0c.0,0x8086,0x2040,0,0x9000007e,2,0,0,
0x0070c5a8201740,0x00000cc75ee740,0000:ae:0c.0,0x8086,0x2040,0,0x9000007e,2,1,1,
0x0070c5a8201780,0x00000cc75ee780,0000:ae:0c.0,0x8086,0x2040,0,0x9000007e,2,0,0,
0x0070c5a82017c0,0x00000cc75ee7c0,0000:ae:0c.0,0x8086,0x2040,0,0x9000007e,2,1,1,
0x0070c5a8201800,0x00000cc75ee800,0000:ae:0c.0,0x8086,0x2040,0,0x9000007e,2,0,0,
0x0070c5a8201840,0x00000cc75ee840,0000:ae:0c.0,0x8086,0x2040,0,0x9000007e,2,1,1,
0x0070c5a8201880,0x00000cc75ee880,0000:ae:0c.0,0x8086,0x2040,0,0x9000007e,2,0,0,
0x0070c5a82018c0,0x00000cc75ee8c0,0000:ae:0c.0,0x8086,0x2040,0,0x9000007e,2,1,1,
0x0070c5a8201900,0x00000cc75ee900,0000:ae:0c.0,0x8086,0x2040,0,0x9000007e,2,0,0,
0x0070c5a8201940,0x00000cc75ee940,0000:ae:0c.0,0x8086,0x2040,0,0x9000007e,2,1,1,
0x0070c5a8201980,0x00000cc75ee980,0000:ae:0c.0,0x8086,0x2040,0,0x9000007e,2,0,0,
0x0070c5a82019c0,0x00000cc75ee9c0,0000:ae:0c.0,0x8086,0x2040,0,0x9000007e,2,1,1,
0x0070c5a8201a00,0x00000cc75eea00,0000:ae:0c.0,0x8086,0x2040,0,0x9000007e,2,0,0,
0x0070c5a8201a40,0x00000cc75eea40,0000:ae:0c.0,0x8086,0x2040,0,0x9000007e,2,1,1,
0x0070c5a8201a80,0x00000cc75eea80,0000:ae:0c.0,0x8086,0x2040,0,0x9000007e,2,0,0,
0x0070c5a8201ac0,0x00000cc75eeac0,0000:ae:0c.0,0x8086,0x2040,0,0x9000007e,2,1,1,
0x0070c5a8201b00,0x00000cc75eeb00,0000:ae:0c.0,0x8086,0x2040,0,0x9000007e,2,0,0,
0x0070c5a8201b40,0x00000cc75eeb40,0000:ae:0c.0,0x8086,0x2040,0,0x9000007e,2,1,1,
0x0070c5a8201b80,0x00000cc75eeb80,0000:ae:0c.0,0x8086,0x2040,0,0x9000007e,2,0,0,
0x0070c5a8201bc0,0x00000cc75eebc0,0000:ae:0c.0,0x8086,0x2040,0,0x9000007e,2,1,1,
0x0070c5a8201c00,0x00000cc75eec00,0000:ae:0c.0,0x8086,0x2040,0,0x9000007e,2,0,0,
0x0070c5a8201c40,0x00000cc75eec40,0000:ae:0c.0,0x8086,0x2040,0,0x9000007e,2,1,1,
0x0070c5a8201c80,0x00000cc75eec80,0000:ae:0c.0,0x8086,0x2040,0,0x9000007e,2,0,0,
0x0070c5a8201cc0,0x00000cc75eecc0,0000:ae:0c.0,0x8086,0x2040,0,0x9000007e,2,1,1,
0x0070c5a8201d00,0x00000cc75eed00,0000:ae:0c.0,0x8086,0x2040,0,0x9000007e,2,0,0,
0x0070c5a8201d40,0x00000cc75eed40,0000:ae:0c.0,0x8086,0x2040,0,0x9000007e,2,1,1,
0x0070c5a8201d80,0x00000cc75eed80,0000:ae:0c.0,0x8086,0x2040,0,0x9000007e,2,0,0,
0x0070c5a8201dc0,0x00000cc75eedc0,0000:ae:0c.0,0x8086,0x2040,0,0x9000007e,2,1,1,
0x0070c5a8201e00,0x00000cc75eee00,0000:ae:0c.0,0x8086,0x2040,0,0x9000007e,2,0,0,
0x0070c5a8201e40,0x00000cc75eee40,0000:ae:0c.0,0x8086,0x2040,0,0x9000007e,2,1,1,
0x0070c5a8201e80,0x00000cc75eee80,0000:ae:0c.0,0x8086,0x2040,0,0x9000007e,2,0,0,
0x0070c5a8201ec0,0x00000cc75eeec0,0000:ae:0c.0,0x8086,0x2040,0,0x9000007e,2,1,1,
0x0070c5a8201f00,0x00000cc75eef00,0000:ae:0c.0,0x8086,0x2040,0,0x9000007e,2,0,0,
0x0070c5a8201f40,0x00000cc75eef40,0000:ae:0c.0,0x8086,0x2040,0,0x9000007e,2,1,1,
0x0070c5a8201f80,0x00000cc75eef80,0000:ae:0c.0,0x8086,0x2040,0,0x9000007e,2,0,0,
0x0070c5a8201fc0,0x00000cc75eefc0,0000:ae:0c.0,0x8086,0x2040,0,0x9000007e,2,1,1,
0x0070c5a8202000,0x00000cc75e0000,0000:ae:0c.0,0x8086,0x2040,0,0x9000007e,2,0,0,
0x0070c5a8202040,0x00000cc75e0040,0000:ae:0c.0,0x8086,0x2040,0,0x9000007e,2,1,1,
0x0070c5a8202080,0x00000cc75e0080,0000:ae:0c.0,0x8086,0x2040,0,0x9000007e,2,0,0,
0x0070c5a82020c0,0x00000cc75e00c0,0000:ae:0c.0,0x8086,0x2040,0,0x9000007e,2,1,1,
0x0070c5a8202100,0x00000cc75e0100,0000:ae:0c.0,0x8086,0x2040,0,0x9000007e,2,0,0,
0x0070c5a8202140,0x00000cc75e0140,0000:ae:0c.0,0x8086,0x2040,0,0x9000007e,2,1,1,
0x0070c5a8202180,0x00000cc75e0180,0000:ae:0c.0,0x8086,0x2040,0,0x9000007e,2,0,0,
0x0070c5a82021c0,0x00000cc75e01c0,0000:ae:0c.0,0x8086,0x2040,0,0x9000007e,2,1,1,
0x0070c5a8202200,0x00000cc75e0200,0000:ae:0c.0,0x8086,0x2040,0,0x9000007e,2,0,0,
0x0070c5a8202240,0x00000cc75e0240,0000:ae:0c.0,0x8086,0x2040,0,0x9000007e,2,1,1,
0x0070c5a8202280,0x00000cc75e0280,0000:ae:0c.0,0x8086,0x2040,0,0x9000007e,2,0,0,
0x0070c5a82022c0,0x00000cc75e02c0,0000:ae:0c.0,0x8086,0x2040,0,0x9000007e,2,1,1,
0x0070c5a8202300,0x00000cc75e0300,0000:ae:0c.0,0x8086,0x2040,0,0x9000007e,2,0,0,
0x0070c5a8202340,0x00000cc75e0340,0000:ae:0c.0,0x8086,0x2040,0,0x9000007e,2,1,1,
0x0070c5a8202380,0x00000cc75e0380,0000:ae:0c.0,0x8086,0x2040,0,0x9000007e,2,0,0,
0x0070c5a82023c0,0x00000cc75e03c0,0000:ae:0c.0,0x8086,0x2040,0,0x9000007e,2,1,1,
0x0070c5a8202400,0x00000cc75e0400,0000:ae:0c.0,0x8086,0x2040,0,0x9000007e,2,0,0,
0x0070c5a8202440,0x00000cc75e0440,0000:ae:0c.0,0x8086,0x2040,0,0x9000007e,2,1,1,
0x0070c5a8202480,0x00000cc75e0480,0000:ae:0c.0,0x8086,0x2040,0,0x9000007e,2,0,0,
0x0070c5a82024c0,0x00000cc75e04c0,0000:ae:0c.0,0x8086,0x2040,0,0x9000007e,2,1,1,
0x0070c5a8202500,0x00000cc75e0500,0000:ae:0c.0,0x8086,0x2040,0,0x9000007e,2,0,0,
0x0070c5a8202540,0x00000cc75e0540,0000:ae:0c.0,0x8086,0x2040,0,0x9000007e,2,1,1,
0x0070c5a8202580,0x00000cc75e0580,0000:ae:0c.0,0x8086,0x2040,0,0x9000007e,2,0,0,
0x0070c5a82025c0,0x00000cc75e05c0,0000:ae:0c.0,0x8086,0x2040,0,0x9000007e,2,1,1,
0x0070c5a8202600,0x00000cc75e0600,0000:ae:0c.0,0x8086,0x2040,0,0x9000007e,2,0,0,
0x0070c5a8202640,0x00000cc75e0640,0000:ae:0c.0,0x8086,0x2040,0,0x9000007e,2,1,1,
0x0070c5a8202680,0x00000cc75e0680,0000:ae:0c.0,0x8086,0x2040,0,0x9000007e,2,0,0,
0x0070c5a82026c0,0x00000cc75e06c0,0000:ae:0c.0,0x8086,0x2040,0,0x9000007e,2,1,1,
0x0070c5a8202700,0x00000cc75e0700,0000:ae:0c.0,0x8086,0x2040,0,0x9000007e,2,0,0,
0x0070c5a8202740,0x00000cc75e0740,0000:ae:0c.0,0x8086,0x2040,0,0x9000007e,2,1,1,
0x0070c5a8202780,0x00000cc75e0780,0000:ae:0c.0,0x8086,0x2040,0,0x9000007e,2,0,0,
0x0070c5a82027c0,0x00000cc75e07c0,0000:ae:0c.0,0x8086,0x2040,0,0x9000007e,2,1,1,
0x0070c5a8202800,0x00000cc75e0800,0000:ae:0c.0,0x8086,0x2040,0,0x9000007e,2,0,0,
0x0070c5a8202840,0x00000cc75e0840,0000:ae:0c.0,0x8086,0x2040,0,0x9000007e,2,1,1,
0x0070c5a8202880,0x00000cc75e0880,0000:ae:0c.0,0x8086,0x2040,0,0x9000007e,2,0,0,
0x0070c5a82028c0,0x00000cc75e08c0,0000:ae:0c.0,0x8086,0x2040,0,0x9000007e,2,1,1,
0x0070c5a8202900,0x00000cc75e0900,0000:ae:0c.0,0x8086,0x2040,0,0x9000007e,2,0,0,
0x0070c5a8202940,0x00000cc75e0940,0000:ae:0c.0,0x8086,0x2040,0,0x9000007e,2,1,1,
0x0070c5a8202980,0x00000cc75e0980,0000:ae:0c.0,0x8086,0x2040,0,0x9000007e,2,0,0,
0x0070c5a82029c0,0x00000cc75e09c0,0000:ae:0c.0,0x8086,0x2040,0,0x9000007e,2,1,1,
0x0070c5a8202a00,0x00000cc75e0a00,0000:ae:0c.0,0x8086,0x2040,0,0x9000007e,2,0,0,
0x0070c5a8202a40,0x00000cc75e0a40,0000:ae:0c.0,0x8086,0x2040,0,0x9000007e,2,1,1,
0x0070c5a8202a80,0x00000cc75e0a80,0000:ae:0c.0,0x8086,0x2040,0,0x9000007e,2,0,0,
0x0070c5a8202ac0,0x00000cc75e0ac0,0000:ae:0c.0,0x8086,0x2040,0,0x9000007e,2,1,1,
0x0070c5a8202b00,0x00000cc75e0b00,0000:ae:0c.0,0x8086,0x2040,0,0x9000007e,2,0,0,
0x0070c5a8202b40,0x00000cc75e0b40,0000:ae:0c.0,0x8086,0x2040,0,0x9000007e,2,1,1,
0x0070c5a8202b80,0x00000cc75e0b80,0000:ae:0c.0,0x8086,0x2040,0,0x9000007e,2,0,0,
0x0070c5a8202bc0,0x00000cc75e0bc0,0000:ae:0c.0,0x8086,0x2040,0,0x9000007e,2,1,1,
0x0070c5a8202c00,0x00000cc75e0c00,0000:ae:0c.0,0x8086,0x2040,0,0x9000007e,2,0,0,
0x0070c5a8202c40,0x00000cc75e0c40,0000:ae:0c.0,0x8086,0x2040,0,0x9000007e,2,1,1,
0x0070c5a8202c80,0x00000cc75e0c80,0000:ae:0c.0,0x8086,0x2040,0,0x9000007e,2,0,0,
0x0070c5a8202cc0,0x00000cc75e0cc0,0000:ae:0c.0,0x8086,0x2040,0,0x9000007e,2,1,1,
0x0070c5a8202d00,0x00000cc75e0d00,0000:ae:0c.0,0x8086,0x2040,0,0x9000007e,2,0,0,
0x0070c5a8202d40,0x00000cc75e0d40,0000:ae:0c.0,0x8086,0x2040,0,0x9000007e,2,1,1,
0x0070c5a8202d80,0x00000cc75e0d80,0000:ae:0c.0,0x8086,0x2040,0,0x9000007e,2,0,0,
0x0070c5a8202dc0,0x00000cc75e0dc0,0000:ae:0c.0,0x8086,0x2040,0,0x9000007e,2,1,1,
0x0070c5a8202e00,0x00000cc75e0e00,0000:ae:0c.0,0x8086,0x2040,0,0x9000007e,2,0,0,
0x0070c5a8202e40,0x00000cc75e0e40,0000:ae:0c.0,0x8086,0x2040,0,0x9000007e,2,1,1,
0x0070c5a8202e80,0x00000cc75e0e80,0000:ae:0c.0,0x8086,0x2040,0,0x9000007e,2,0,0,
0x0070c5a8202ec0,0x00000cc75e0ec0,0000:ae:0c.0,0x8086,0x2040,0,0x9000007e,2,1,1,
0x0070c5a8202f00,0x00000cc75e0f00,0000:ae:0c.0,0x8086,0x2040,0,0x9000007e,2,0,0,
0x0070c5a8202f40,0x00000cc75e0f40,0000:ae:0c.0,0x8086,0x2040,0,0x9000007e,2,1,1,
0x0070c5a8202f80,0x00000cc75e0f80,0000:ae:0c.0,0x8086,0x2040,0,0x9000007e,2,0,0,
0x0070c5a8202fc0,0x00000cc75e0fc0,0000:ae:0c.0,0x8086,0x2040,0,0x9000007e,2,1,1,
0x0070c5a8203000,0x00000cc75e1000,0000:ae:0c.0,0x8086,0x2040,0,0x9000007e,2,0,0,
0x0070c5a8203040,0x00000cc75e1040,0000:ae:0c.0,0x8086,0x2040,0,0x9000007e,2,1,1,
0x0070c5a8203080,0x00000cc75e1080,0000:ae:0c.0,0x8086,0x2040,0,0x9000007e,2,0,0,
0x0070c5a82030c0,0x00000cc75e10c0,0000:ae:0c.0,0x8086,0x2040,0,0x9000007e,2,1,1,
0x0070c5a8203100,0x00000cc75e1100,0000:ae:0c.0,0x8086,0x2040,0,0x9000007e,2,0,0,
0x0070c5a8203140,0x00000cc75e1140,0000:ae:0c.0,0x8086,0x2040,0,0x9000007e,2,1,1,
0x0070c5a8203180,0x00000cc75e1180,0000:ae:0c.0,0x8086,0x2040,0,0x9000007e,2,0,0,
0x0070c5a82031c0,0x00000cc75e11c0,0000:ae:0c.0,0x8086,0x2040,0,0x9000007e,2,1,1,
0x0070c5a8203200,0x00000cc75e1200,0000:ae:0c.0,0x8086,0x2040,0,0x9000007e,2,0,0,
0x0070c5a8203240,0x00000cc75e1240,0000:ae:0c.0,0x8086,0x2040,0,0x9000007e,2,1,1,
0x0070c5a8203280,0x00000cc75e1280,0000:ae:0c.0,0x8086,0x2040,0,0x9000007e,2,0,0,
0x0070c5a82032c0,0x00000cc75e12c0,0000:ae:0c.0,0x8086,0x2040,0,0x9000007e,2,1,1,
0x0070c5a8203300,0x00000cc75e1300,0000:ae:0c.0,0x8086,0x2040,0,0x9000007e,2,0,0,
0x0070c5a8203340,0x00000cc75e1340,0000:ae:0c.0,0x8086,0x2040,0,0x9000007e,2,1,1,
0x0070c5a8203380,0x00000cc75e1380,0000:ae:0c.0,0x8086,0x2040,0,0x9000007e,2,0,0,
0x0070c5a82033c0,0x00000cc75e13c0,0000:ae:0c.0,0x8086,0x2040,0,0x9000007e,2,1,1,
0x0070c5a8203400,0x00000cc75e1400,0000:ae:0c.0,0x8086,0x2040,0,0x9000007e,2,0,0,
0x0070c5a8203440,0x00000cc75e1440,0000:ae:0c.0,0x8086,0x2040,0,0x9000007e,2,1,1,
0x0070c5a8203480,0x00000cc75e1480,0000:ae:0c.0,0x8086,0x2040,0,0x9000007e,2,0,0,
0x0070c5a82034c0,0x00000cc75e14c0,0000:ae:0c.0,0x8086,0x2040,0,0x9000007e,2,1,1,
0x0070c5a8203500,0x00000cc75e1500,0000:ae:0c.0,0x8086,0x2040,0,0x9000007e,2,0,0,
0x0070c5a8203540,0x00000cc75e1540,0000:ae:0c.0,0x8086,0x2040,0,0x9000007e,2,1,1,
0x0070c5a8203580,0x00000cc75e1580,0000:ae:0c.0,0x8086,0x2040,0,0x9000007e,2,0,0,
0x0070c5a82035c0,0x00000cc75e15c0,0000:ae:0c.0,0x8086,0x2040,0,0x9000007e,2,1,1,
0x0070c5a8203600,0x00000cc75e1600,0000:ae:0c.0,0x8086,0x2040,0,0x9000007e,2,0,0,
0x0070c5a8203640,0x00000cc75e1640,0000:ae:0c.0,0x8086,0x2040,0,0x9000007e,2,1,1,
0x0070c5a8203680,0x00000cc75e1680,0000:ae:0c.0,0x8086,0x2040,0,0x9000007e,2,0,0,
0x0070c5a82036c0,0x00000cc75e16c0,0000:ae:0c.0,0x8086,0x2040,0,0x9000007e,2,1,1,
0x0070c5a8203700,0x00000cc75e1700,0000:ae:0c.0,0x8086,0x2040,0,0x9000007e,2,0,0,
0x0070c5a8203740,0x00000cc75e1740,0000:ae:0c.0,0x8086,0x2040,0,0x9000007e,2,1,1,
0x0070c5a8203780,0x00000cc75e1780,0000:ae:0c.0,0x8086,0x2040,0,0x9000007e,2,0,0,
0x0070c5a82037c0,0x00000cc75e17c0,0000:ae:0c.0,0x8086,0x2040,0,0x9000007e,2,1,1,
0x0070c5a8203800,0x00000cc75e1800,0000:ae:0c.0,0x8086,0x2040,0,0x9000007e,2,0,0,
0x0070c5a8203840,0x00000cc75e1840,0000:ae:0c.0,0x8086,0x2040,0,0x9000007e,2,1,1,
0x0070c5a8203880,0x00000cc75e1880,0000:ae:0c.0,0x8086,0x2040,0,0x9000007e,2,0,0,
0x0070c5a82038c0,0x00000cc75e18c0,0000:ae:0c.0,0x8086,0x2040,0,0x9000007e,2,1,1,
0x0070c5a8203900,0x00000cc75e1900,0000:ae:0c.0,0x8086,0x2040,0,0x9000007e,2,0,0,
0x0070c5a8203940,0x00000cc75e1940,0000:ae:0c.0,0x8086,0x2040,0,0x9000007e,2,1,1,
0x0070c5a8203980,0x00000cc75e1980,0000:ae:0c.0,0x8086,0x2040,0,0x9000007e,2,0,0,
0x0070c5a82039c0,0x00000cc75e19c0,0000:ae:0c.0,0x8086,0x2040,0,0x9000007e,2,1,1,
0x0070c5a8203a00,0x00000cc75e1a00,0000:ae:0c.0,0x8086,0x2040,0,0x9000007e,2,0,0,
0x0070c5a8203a40,0x00000cc75e1a40,0000:ae:0c.0,0x8086,0x2040,0,0x9000007e,2,1,1,
0x0070c5a8203a80,0x00000cc75e1a80,0000:ae:0c.0,0x8086,0x2040,0,0x9000007e,2,0,0,
0x0070c5a8203ac0,0x00000cc75e1ac0,0000:ae:0c.0,0x8086,0x2040,0,0x9000007e,2,1,1,
0x0070c5a8203b00,0x00000cc75e1b00,0000:ae:0c.0,0x8086,0x2040,0,0x9000007e,2,0,0,
0x0070c5a8203b40,0x00000cc75e1b40,0000:ae:0c.0,0x8086,0x2040,0,0x9000007e,2,1,1,
0x0070c5a8203b80,0x00000cc75e1b80,0000:ae:0c.0,0x8086,0x2040,0,0x9000007e,2,0,0,
0x0070c5a8203bc0,0x00000cc75e1bc0,0000:ae:0c.0,0x8086,0x2040,0,0x9000007e,2,1,1,
0x0070c5a8203c00,0x00000cc75e1c00,0000:ae:0c.0,0x8086,0x2040,0,0x9000007e,2,0,0,
0x0070c5a8203c40,0x00000cc75e1c40,0000:ae:0c.0,0x8086,0x2040,0,0x9000007e,2,1,1,
0x0070c5a8203c80,0x00000cc75e1c80,0000:ae:0c.0,0x8086,0x2040,0,0x9000007e,2,0,0,
0x0070c5a8203cc0,0x00000cc75e1cc0,0000:ae:0c.0,0x8086,0x2040,0,0x9000007e,2,1,1,
0x0070c5a8203d00,0x00000cc75e1d00,0000:ae:0c.0,0x8086,0x2040,0,0x9000007e,2,0,0,
0x0070c5a8203d40,0x00000cc75e1d40,0000:ae:0c.0,0x8086,0x2040,0,0x9000007e,2,1,1,
0x0070c5a8203d80,0x00000cc75e1d80,0000:ae:0c.0,0x8086,0x2040,0,0x9000007e,2,0,0,
0x0070c5a8203dc0,0x00000cc75e1dc0,0000:ae:0c.0,0x8086,0x2040,0,0x9000007e,2,1,1,
0x0070c5a8203e00,0x00000cc75e1e00,0000:ae:0c.0,0x8086,0x2040,0,0x9000007e,2,0,0,
0x0070c5a8203e40,0x00000cc75e1e40,0000:ae:0c.0,0x8086,0x2040,0,0x9000007e,2,1,1,
0x0070c5a8203e80,0x00000cc75e1e80,0000:ae:0c.0,0x8086,0x2040,0,0x9000007e,2,0,0,
0x0070c5a8203ec0,0x00000cc75e1ec0,0000:ae:0c.0,0x8086,0x2040,0,0x9000007e,2,1,1,
0x0070c5a8203f00,0x00000cc75e1f00,0000:ae:0c.0,0x8086,0x2040,0,0x9000007e,2,0,0,
0x0070c5a8203f40,0x00000cc75e1f40,0000:ae:0c.0,0x8086,0x2040,0,0x9000007e,2,1,1,
0x0070c5a8203f80,0x00000cc75e1f80,0000:ae:0c.0,0x8086,0x2040,0,0x9000007e,2,0,0,
0x0070c5a8203fc0,0x00000cc75e1fc0,0000:ae:0c.0,0x8086,0x2040,0,0x9000007e,2,1,1,
0x0070c5a8204000,0x00000cc75e2000,0000:ae:0c.0,0x8086,0x2040,0,0x9000007e,2,0,0,
0x0070c5a8204040,0x00000cc75e2040,0000:ae:0c.0,0x8086,0x2040,0,0x9000007e,2,1,1,
0x0070c5a8204080,0x00000cc75e2080,0000:ae:0c.0,0x8086,0x2040,0,0x9000007e,2,0,0,
0x0070c5a82040c0,0x00000cc75e20c0,0000:ae:0c.0,0x8086,0x2040,0,0x9000007e,2,1,1,
0x0070c5a8204100,0x00000cc75e2100,0000:ae:0c.0,0x8086,0x2040,0,0x9000007e,2,0,0,
0x0070c5a8204140,0x00000cc75e2140,0000:ae:0c.0,0x8086,0x2040,0,0x9000007e,2,1,1,
0x0070c5a8204180,0x00000cc75e2180,0000:ae:0c.0,0x8086,0x2040,0,0x9000007e,2,0,0,
0x0070c5a82041c0,0x00000cc75e21c0,0000:ae:0c.0,0x8086,0x2040,0,0x9000007e,2,1,1,
0x0070c5a8204200,0x00000cc75e2200,0000:ae:0c.0,0x8086,0x2040,0,0x9000007e,2,0,0,
0x0070c5a8204240,0x00000cc75e2240,0000:ae:0c.0,0x8086,0x2040,0,0x9000007e,2,1,1,
0x0070c5a8204280,0x00000cc75e2280,0000:ae:0c.0,0x8086,0x2040,0,0x9000007e,2,0,0,
0x0070c5a82042c0,0x00000cc75e22c0,0000:ae:0c.0,0x8086,0x2040,0,0x9000007e,2,1,1,
0x0070c5a8204300,0x00000cc75e2300,0000:ae:0c.0,0x8086,0x2040,0,0x9000007e,2,0,0,
0x0070c5a8204340,0x00000cc75e2340,0000:ae:0c.0,0x8086,0x2040,0,0x9000007e,2,1,1,
0x0070c5a8204380,0x00000cc75e2380,0000:ae:0c.0,0x8086,0x2040,0,0x9000007e,2,0,0,
0x0070c5a82043c0,0x00000cc75e23c0,0000:ae:0c.0,0x8086,0x2040,0,0x9000007e,2,1,1,
0x0070c5a8204400,0x00000cc75e2400,0000:ae:0c.0,0x8086,0x2040,0,0x9000007e,2,0,0,
0x0070c5a8204440,0x00000cc75e2440,0000:ae:0c.0,0x8086,0x2040,0,0x9000007e,2,1,1,
0x0070c5a8204480,0x00000cc75e2480,0000:ae:0c.0,0x8086,0x2040,0,0x9000007e,2,0,0,
0x0070c5a82044c0,0x00000cc75e24c0,0000:ae:0c.0,0x8086,0x2040,0,0x9000007e,2,1,1,
0x0070c5a8204500,0x00000cc75e2500,0000:ae:0c.0,0x8086,0x2040,0,0x9000007e,2,0,0,
0x0070c5a8204540,0x00000cc75e2540,0000:ae:0c.0,0x8086,0x2040,0,0x9000007e,2,1,1,
0x0070c5a8204580,0x00000cc75e2580,0000:ae:0c.0,0x8086,0x2040,0,0x9000007e,2,0,0,
0x0070c5a82045c0,0x00000cc75e25c0,0000:ae:0c.0,0x8086,0x2040,0,0x9000007e,2,1,1,
0x0070c5a8204600,0x00000cc75e2600,0000:ae:0c.0,0x8086,0x2040,0,0x9000007e,2,0,0,
0x0070c5a8204640,0x00000cc75e2640,0000:ae:0c.0,0x8086,0x2040,0,0x9000007e,2,1,1,
0x0070c5a8204680,0x00000cc75e2680,0000:ae:0c.0,0x8086,0x2040,0,0x9000007e,2,0,0,
0x0070c5a82046c0,0x00000cc75e26c0,0000:ae:0c.0,0x8086,0x2040,0,0x9000007e,2,1,1,
0x0070c5a8204700,0x00000cc75e2700,0000:ae:0c.0,0x8086,0x2040,0,0x9000007e,2,0,0,
0x0070c5a8204740,0x00000cc75e2740,0000:ae:0c.0,0x8086,0x2040,0,0x9000007e,2,1,1,
0x0070c5a8204780,0x00000cc75e2780,0000:ae:0c.0,0x8086,0x2040,0,0x9000007e,2,0,0,
0x0070c5a82047c0,0x00000cc75e27c0,0000:ae:0c.0,0x8086,0x2040,0,0x9000007e,2,1,1,
0x0070c5a8204800,0x00000cc75e2800,0000:ae:0c.0,0x8086,0x2040,0,0x9000007e,2,0,0,
0x0070c5a8204840,0x00000cc75e2840,0000:ae:0c.0,0x8086,0x2040,0,0x9000007e,2,1,1,
0x0070c5a8204880,0x00000cc75e2880,0000:ae:0c.0,0x8086,0x2040,0,0x9000007e,2,0,0,
0x0070c5a82048c0,0x00000cc75e28c0,0000:ae:0c.0,0x8086,0x2040,0,0x9000007e,2,1,1,
0x0070c5a8204900,0x00000cc75e2900,0000:ae:0c.0,0x8086,0x2040,0,0x9000007e,2,0,0,
0x0070c5a8204940,0x00000cc75e2940,0000:ae:0c.0,0x8086,0x2040,0,0x9000007e,2,1,1,
0x0070c5a8204980,0x00000cc75e2980,0000:ae:0c.0,0x8086,0x2040,0,0x9000007e,2,0,0,
0x0070c5a82049c0,0x00000cc75e29c0,0000:ae:0c.0,0x8086,0x2040,0,0x9000007e,2,1,1,
0x0070c5a8204a00,0x00000cc75e2a00,0000:ae:0c.0,0x8086,0x2040,0,0x9000007e,2,0,0,
0x0070c5a8204a40,0x00000cc75e2a40,0000:ae:0c.0,0x8086,0x2040,0,0x9000007e,2,1,1,
0x0070c5a8204a80,0x00000cc75e2a80,0000:ae:0c.0,0x8086,0x2040,0,0x9000007e,2,0,0,
0x0070c5a8204ac0,0x00000cc75e2ac0,0000:ae:0c.0,0x8086,0x2040,0,0x9000007e,2,1,1,
0x0070c5a8204b00,0x00000cc75e2b00,0000:ae:0c.0,0x8086,0x2040,0,0x9000007e,2,0,0,
0x0070c5a8204b40,0x00000cc75e2b40,0000:ae:0c.0,0x8086,0x2040,0,0x9000007e,2,1,1,
0x0070c5a8204b80,0x00000cc75e2b80,0000:ae:0c.0,0x8086,0x2040,0,0x9000007e,2,0,0,
0x0070c5a8204bc0,0x00000cc75e2bc0,0000:ae:0c.0,0x8086,0x2040,0,0x9000007e,2,1,1,
0x0070c5a8204c00,0x00000cc75e2c00,0000:ae:0c.0,0x8086,0x2040,0,0x9000007e,2,0,0,
0x0070c5a8204c40,0x00000cc75e2c40,0000:ae:0c.0,0x8086,0x2040,0,0x9000007e,2,1,1,
0x0070c5a8204c80,0x00000cc75e2c80,0000:ae:0c.0,0x8086,0x2040,0,0x9000007e,2,0,0,
0x0070c5a8204cc0,0x00000cc75e2cc0,0000:ae:0c.0,0x8086,0x2040,0,0x9000007e,2,1,1,
0x0070c5a8204d00,0x00000cc75e2d00,0000:ae:0c.0,0x8086,0x2040,0,0x9000007e,2,0,0,
0x0070c5a8204d40,0x00000cc75e2d40,0000:ae:0c.0,0x8086,0x2040,0,0x9000007e,2,1,1,
0x0070c5a8204d80,0x00000cc75e2d80,0000:ae:0c.0,0x8086,0x2040,0,0x9000007e,2,0,0,
0x0070c5a8204dc0,0x00000cc75e2dc0,0000:ae:0c.0,0x8086,0x2040,0,0x9000007e,2,1,1,
0x0070c5a8204e00,0x00000cc75e2e00,0000:ae:0c.0,0x8086,0x2040,0,0x9000007e,2,0,0,
0x0070c5a8204e40,0x00000cc75e2e40,0000:ae:0c.0,0x8086,0x2040,0,0x9000007e,2,1,1,
0x0070c5a8204e80,0x00000cc75e2e80,0000:ae:0c.0,0x8086,0x2040,0,0x9000007e,2,0,0,
0x0070c5a8204ec0,0x00000cc75e2ec0,0000:ae:0c.0,0x8086,0x2040,0,0x9000007e,2,1,1,
0x0070c5a8204f00,0x00000cc75e2f00,0000:ae:0c.0,0x8086,0x2040,0,0x9000007e,2,0,0,
0x0070c5a8204f40,0x00000cc75e2f40,0000:ae:0c.0,0x8086,0x2040,0,0x9000007e,2,1,1,
0x0070c5a8204f80,0x00000cc75e2f80,0000:ae:0c.0,0x8086,0x2040,0,0x9000007e,2,0,0,
0x0070c5a8204fc0,0x00000cc75e2fc0,0000:ae:0c.0,0x8086,0x2040,0,0x9000007e,2,1,1,
0x0070c5a8205000,0x00000cc75e3000,0000:ae:0c.0,0x8086,0x2040,0,0x9000007e,2,0,0,
0x0070c5a8205040,0x00000cc75e3040,0000:ae:0c.0,0x8086,0x2040,0,0x9000007e,2,1,1,
0x0070c5a8205080,0x00000cc75e3080,0000:ae:0c.0,0x8086,0x2040,0,0x9000007e,2,0,0,
0x0070c5a82050c0,0x00000cc75e30c0,0000:ae:0c.0,0x8086,0x2040,0,0x9000007e,2,1,1,
0x0070c5a8205100,0x00000cc75e3100,0000:ae:0c.0,0x8086,0x2040,0,0x9000007e,2,0,0,
0x0070c5a8205140,0x00000cc75e3140,0000:ae:0c.0,0x8086,0x2040,0,0x9000007e,2,1,1,
0x0070c5a8205180,0x00000cc75e3180,0000:ae:0c.0,0x8086,0x2040,0,0x9000007e,2,0,0,
0x0070c5a82051c0,0x00000cc75e31c0,0000:ae:0c.0,0x8086,0x2040,0,0x9000007e,2,1,1,
0x0070c5a8205200,0x00000cc75e3200,0000:ae:0c.0,0x8086,0x2040,0,0x9000007e,2,0,0,
0x0070c5a8205240,0x00000cc75e3240,0000:ae:0c.0,0x8086,0x2040,0,0x9000007e,2,1,1,
0x0070c5a8205280,0x00000cc75e3280,0000:ae:0c.0,0x8086,0x2040,0,0x9000007e,2,0,0,
0x0070c5a82052c0,0x00000cc75e32c0,0000:ae:0c.0,0x8086,0x2040,0,0x9000007e,2,1,1,
0x0070c5a8205300,0x00000cc75e3300,0000:ae:0c.0,0x8086,0x2040,0,0x9000007e,2,0,0,
0x0070c5a8205340,0x00000cc75e3340,0000:ae:0c.0,0x8086,0x2040,0,0x9000007e,2,1,1,
0x0070c5a8205380,0x00000cc75e3380,0000:ae:0c.0,0x8086,0x2040,0,0x9000007e,2,0,0,
0x0070c5a82053c0,0x00000cc75e33c0,0000:ae:0c.0,0x8086,0x2040,0,0x9000007e,2,1,1,
0x0070c5a8205400,0x00000cc75e3400,0000:ae:0c.0,0x8086,0x2040,0,0x9000007e,2,0,0,
0x0070c5a8205440,0x00000cc75e3440,0000:ae:0c.0,0x8086,0x2040,0,0x9000007e,2,1,1,
0x0070c5a8205480,0x00000cc75e3480,0000:ae:0c.0,0x8086,0x2040,0,0x9000007e,2,0,0,
0x0070c5a82054c0,0x00000cc75e34c0,0000:ae:0c.0,0x8086,0x2040,0,0x9000007e,2,1,1,
0x0070c5a8205500,0x00000cc75e3500,0000:ae:0c.0,0x8086,0x2040,0,0x9000007e,2,0,0,
0x0070c5a8205540,0x00000cc75e3540,0000:ae:0c.0,0x8086,0x2040,0,0x9000007e,2,1,1,
0x0070c5a8205580,0x00000cc75e3580,0000:ae:0c.0,0x8086,0x2040,0,0x9000007e,2,0,0,
0x0070c5a82055c0,0x00000cc75e35c0,0000:ae:0c.0,0x8086,0x2040,0,0x9000007e,2,1,1,
0x0070c5a8205600,0x00000cc75e3600,0000:ae:0c.0,0x8086,0x2040,0,0x9000007e,2,0,0,
0x0070c5a8205640,0x00000cc75e3640,0000:ae:0c.0,0x8086,0x2040,0,0x9000007e,2,1,1,
0x0070c5a8205680,0x00000cc75e3680,0000:ae:0c.0,0x8086,0x2040,0,0x9000007e,2,0,0,
0x0070c5a82056c0,0x00000cc75e36c0,0000:ae:0c.0,0x8086,0x2040,0,0x9000007e,2,1,1,
0x0070c5a8205700,0x00000cc75e3700,0000:ae:0c.0,0x8086,0x2040,0,0x9000007e,2,0,0,
0x0070c5a8205740,0x00000cc75e3740,0000:ae:0c.0,0x8086,0x2040,0,0x9000007e,2,1,1,
0x0070c5a8205780,0x00000cc75e3780,0000:ae:0c.0,0x8086,0x2040,0,0x9000007e,2,0,0,
0x0070c5a82057c0,0x00000cc75e37c0,0000:ae:0c.0,0x8086,0x2040,0,0x9000007e,2,1,1,
0x0070c5a8205800,0x00000cc75e3800,0000:ae:0c.0,0x8086,0x2040,0,0x9000007e,2,0,0,
0x0070c5a8205840,0x00000cc75e3840,0000:ae:0c.0,0x8086,0x2040,0,0x9000007e,2,1,1,
0x0070c5a8205880,0x00000cc75e3880,0000:ae:0c.0,0x8086,0x2040,0,0x9000007e,2,0,0,
0x0070c5a82058c0,0x00000cc75e38c0,0000:ae:0c.0,0x8086,0x2040,0,0x9000007e,2,1,1,
0x0070c5a8205900,0x00000cc75e3900,0000:ae:0c.0,0x8086,0x2040,0,0x9000007e,2,0,0,
0x0070c5a8205940,0x00000cc75e3940,0000:ae:0c.0,0x8086,0x2040,0,0x9000007e,2,1,1,
0x0070c5a8205980,0x00000cc75e3980,0000:ae:0c.0,0x8086,0x2040,0,0x9000007e,2,0,0,
0x0070c5a82059c0,0x00000cc75e39c0,0000:ae:0c.0,0x8086,0x2040,0,0x9000007e,2,1,1,
0x0070c5a8205a00,0x00000cc75e3a00,0000:ae:0c.0,0x8086,0x2040,0,0x9000007e,2,0,0,
0x0070c5a8205a40,0x00000cc75e3a40,0000:ae:0c.0,0x8086,0x2040,0,0x9000007e,2,1,1,
0x0070c5a8205a80,0x00000cc75e3a80,0000:ae:0c.0,0x8086,0x2040,0,0x9000007e,2,0,0,
0x0070c5a8205ac0,0x00000cc75e3ac0,0000:ae:0c.0,0x8086,0x2040,0,0x9000007e,2,1,1,
0x0070c5a8205b00,0x00000cc75e3b00,0000:ae:0c.0,0x8086,0x2040,0,0x9000007e,2,0,0,
0x0070c5a8205b40,0x00000cc75e3b40,0000:ae:0c.0,0x8086,0x2040,0,0x9000007e,2,1,1,
0x0070c5a8205b80,0x00000cc75e3b80,0000:ae:0c.0,0x8086,0x2040,0,0x9000007e,2,0,0,
0x0070c5a8205bc0,0x00000cc75e3bc0,0000:ae:0c.0,0x8086,0x2040,0,0x9000007e,2,1,1,
0x0070c5a8205c00,0x00000cc75e3c00,0000:ae:0c.0,0x8086,0x2040,0,0x9000007e,2,0,0,
0x0070c5a8205c40,0x00000cc75e3c40,0000:ae:0c.0,0x8086,0x2040,0,0x9000007e,2,1,1,
0x0070c5a8205c80,0x00000cc75e3c80,0000:ae:0c.0,0x8086,0x2040,0,0x9000007e,2,0,0,
0x0070c5a8205cc0,0x00000cc75e3cc0,0000:ae:0c.0,0x8086,0x2040,0,0x9000007e,2,1,1,
0x0070c5a8205d00,0x00000cc75e3d00,0000:ae:0c.0,0x8086,0x2040,0,0x9000007e,2,0,0,
0x0070c5a8205d40,0x00000cc75e3d40,0000:ae:0c.0,0x8086,0x2040,0,0x9000007e,2,1,1,
0x0070c5a8205d80,0x00000cc75e3d80,0000:ae:0c.0,0x8086,0x2040,0,0x9000007e,2,0,0,
0x0070c5a8205dc0,0x00000cc75e3dc0,0000:ae:0c.0,0x8086,0x2040,0,0x9000007e,2,1,1,
0x0070c5a8205e00,0x00000cc75e3e00,0000:ae:0c.0,0x8086,0x2040,0,0x9000007e,2,0,0,
0x0070c5a8205e40,0x00000cc75e3e40,0000:ae:0c.0,0x8086,0x2040,0,0x9000007e,2,1,1,
0x0070c5a8205e80,0x00000cc75e3e80,0000:ae:0c.0,0x8086,0x2040,0,0x9000007e,2,0,0,
0x0070c5a8205ec0,0x00000cc75e3ec0,0000:ae:0c.0,0x8086,0x2040,0,0x9000007e,2,1,1,
0x0070c5a8205f00,0x00000cc75e3f00,0000:ae:0c.0,0x8086,0x2040,0,0x9000007e,2,0,0,
0x0070c5a8205f40,0x00000cc75e3f40,0000:ae:0c.0,0x8086,0x2040,0,0x9000007e,2,1,1,
0x0070c5a8205f80,0x00000cc75e3f80,0000:ae:0c.0,0x8086,0x2040,0,0x9000007e,2,0,0,
0x0070c5a8205fc0,0x00000cc75e3fc0,0000:ae:0c.0,0x8086,0x2040,0,0x9000007e,2,1,1,
0x0070c5a8206000,0x00000cc75e4000,0000:ae:0c.0,0x8086,0x2040,0,0x9000007e,2,0,0,
0x0070c5a8206040,0x00000cc75e4040,0000:ae:0c.0,0x8086,0x2040,0,0x9000007e,2,1,1,
0x0070c5a8206080,0x00000cc75e4080,0000:ae:0c.0,0x8086,0x2040,0,0x9000007e,2,0,0,
0x0070c5a82060c0,0x00000cc75e40c0,0000:ae:0c.0,0x8086,0x2040,0,0x9000007e,2,1,1,
0x0070c5a8206100,0x00000cc75e4100,0000:ae:0c.0,0x8086,0x2040,0,0x9000007e,2,0,0,
0x0070c5a8206140,0x00000cc75e4140,0000:ae:0c.0,0x8086,0x2040,0,0x9000007e,2,1,1,
0x0070c5a8206180,0x00000cc75e4180,0000:ae:0c.0,0x8086,0x2040,0,0x9000007e,2,0,0,
0x0070c5a82061c0,0x00000cc75e41c0,0000:ae:0c.0,0x8086,0x2040,0,0x9000007e,2,1,1,
0x0070c5a8206200,0x00000cc75e4200,0000:ae:0c.0,0x8086,0x2040,0,0x9000007e,2,0,0,
0x0070c5a8206240,0x00000cc75e4240,0000:ae:0c.0,0x8086,0x2040,0,0x9000007e,2,1,1,
0x0070c5a8206280,0x00000cc75e4280,0000:ae:0c.0,0x8086,0x2040,0,0x9000007e,2,0,0,
0x0070c5a82062c0,0x00000cc75e42c0,0000:ae:0c.0,0x8086,0x2040,0,0x9000007e,2,1,1,
0x0070c5a8206300,0x00000cc75e4300,0000:ae:0c.0,0x8086,0x2040,0,0x9000007e,2,0,0,
0x0070c5a8206340,0x00000cc75e4340,0000:ae:0c.0,0x8086,0x2040,0,0x9000007e,2,1,1,
0x0070c5a8206380,0x00000cc75e4380,0000:ae:0c.0,0x8086,0x2040,0,0x9000007e,2,0,0,
0x0070c5a82063c0,0x00000cc75e43c0,0000:ae:0c.0,0x8086,0x2040,0,0x9000007e,2,1,1,
0x0070c5a8206400,0x00000cc75e4400,0000:ae:0c.0,0x8086,0x2040,0,0x9000007e,2,0,0,
0x0070c5a8206440,0x00000cc75e4440,0000:ae:0c.0,0x8086,0x2040,0,0x9000007e,2,1,1,
0x0070c5a8206480,0x00000cc75e4480,0000:ae:0c.0,0x8086,0x2040,0,0x9000007e,2,0,0,
0x0070c5a82064c0,0x00000cc75e44c0,0000:ae:0c.0,0x8086,0x2040,0,0x9000007e,2,1,1,
0x0070c5a8206500,0x00000cc75e4500,0000:ae:0c.0,0x8086,0x2040,0,0x9000007e,2,0,0,
0x0070c5a8206540,0x00000cc75e4540,0000:ae:0c.0,0x8086,0x2040,0,0x9000007e,2,1,1,
0x0070c5a8206580,0x00000cc75e4580,0000:ae:0c.0,0x8086,0x2040,0,0x9000007e,2,0,0,
0x0070c5a82065c0,0x00000cc75e45c0,0000:ae:0c.0,0x8086,0x2040,0,0x9000007e,2,1,1,
0x0070c5a8206600,0x00000cc75e4600,0000:ae:0c.0,0x8086,0x2040,0,0x9000007e,2,0,0,
0x0070c5a8206640,0x00000cc75e4640,0000:ae:0c.0,0x8086,0x2040,0,0x9000007e,2,1,1,
0x0070c5a8206680,0x00000cc75e4680,0000:ae:0c.0,0x8086,0x2040,0,0x9000007e,2,0,0,
0x0070c5a82066c0,0x00000cc75e46c0,0000:ae:0c.0,0x8086,0x2040,0,0x9000007e,2,1,1,
0x0070c5a8206700,0x00000cc75e4700,0000:ae:0c.0,0x8086,0x2040,0,0x9000007e,2,0,0,
0x0070c5a8206740,0x00000cc75e4740,0000:ae:0c.0,0x8086,0x2040,0,0x9000007e,2,1,1,
0x0070c5a8206780,0x00000cc75e4780,0000:ae:0c.0,0x8086,0x2040,0,0x9000007e,2,0,0,
0x0070c5a82067c0,0x00000cc75e47c0,0000:ae:0c.0,0x8086,0x2040,0,0x9000007e,2,1,1,
0x0070c5a8206800,0x00000cc75e4800,0000:ae:0c.0,0x8086,0x2040,0,0x9000007e,2,0,0,
0x0070c5a8206840,0x00000cc75e4840,0000:ae:0c.0,0x8086,0x2040,0,0x9000007e,2,1,1,
0x0070c5a8206880,0x00000cc75e4880,0000:ae:0c.0,0x8086,0x2040,0,0x9000007e,2,0,0,
0x0070c5a82068c0,0x00000cc75e48c0,0000:ae:0c.0,0x8086,0x2040,0,0x9000007e,2,1,1,
0x0070c5a8206900,0x00000cc75e4900,0000:ae:0c.0,0x8086,0x2040,0,0x9000007e,2,0,0,
0x0070c5a8206940,0x00000cc75e4940,0000:ae:0c.0,0x8086,0x2040,0,0x9000007e,2,1,1,
0x0070c5a8206980,0x00000cc75e4980,0000:ae:0c.0,0x8086,0x2040,0,0x9000007e,2,0,0,
0x0070c5a82069c0,0x00000cc75e49c0,0000:ae:0c.0,0x8086,0x2040,0,0x9000007e,2,1,1,
0x0070c5a8206a00,0x00000cc75e4a00,0000:ae:0c.0,0x8086,0x2040,0,0x9000007e,2,0,0,
0x0070c5a8206a40,0x00000cc75e4a40,0000:ae:0c.0,0x8086,0x2040,0,0x9000007e,2,1,1,
0x0070c5a8206a80,0x00000cc75e4a80,0000:ae:0c.0,0x8086,0x2040,0,0x9000007e,2,0,0,
0x0070c5a8206ac0,0x00000cc75e4ac0,0000:ae:0c.0,0x8086,0x2040,0,0x9000007e,2,1,1,
0x0070c5a8206b00,0x00000cc75e4b00,0000:ae:0c.0,0x8086,0x2040,0,0x9000007e,2,0,0,
0x0070c5a8206b40,0x00000cc75e4b40,0000:ae:0c.0,0x8086,0x2040,0,0x9000007e,2,1,1,
0x0070c5a8206b80,0x00000cc75e4b80,0000:ae:0c.0,0x8086,0x2040,0,0x9000007e,2,0,0,
0x0070c5a8206bc0,0x00000cc75e4bc0,0000:ae:0c.0,0x8086,0x2040,0,0x9000007e,2,1,1,
0x0070c5a8206c00,0x00000cc75e4c00,0000:ae:0c.0,0x8086,0x2040,0,0x9000007e,2,0,0,
0x0070c5a8206c40,0x00000cc75e4c40,0000:ae:0c.0,0x8086,0x2040,0,0x9000007e,2,1,1,
0x0070c5a8206c80,0x00000cc75e4c80,0000:ae:0c.0,0x8086,0x2040,0,0x9000007e,2,0,0,
0x0070c5a8206cc0,0x00000cc75e4cc0,0000:ae:0c.0,0x8086,0x2040,0,0x9000007e,2,1,1,
0x0070c5a8206d00,0x00000cc75e4d00,0000:ae:0c.0,0x8086,0x2040,0,0x9000007e,2,0,0,
0x0070c5a8206d40,0x00000cc75e4d40,0000:ae:0c.0,0x8086,0x2040,0,0x9000007e,2,1,1,
0x0070c5a8206d80,0x00000cc75e4d80,0000:ae:0c.0,0x8086,0x2040,0,0x9000007e,2,0,0,
0x0070c5a8206dc0,0x00000cc75e4dc0,0000:ae:0c.0,0x8086,0x2040,0,0x9000007e,2,1,1,
0x0070c5a8206e00,0x00000cc75e4e00,0000:ae:0c.0,0x8086,0x2040,0,0x9000007e,2,0,0,
0x0070c5a8206e40,0x00000cc75e4e40,0000:ae:0c.0,0x8086,0x2040,0,0x9000007e,2,1,1,
0x0070c5a8206e80,0x00000cc75e4e80,0000:ae:0c.0,0x8086,0x2040,0,0x9000007e,2,0,0,
0x0070c5a8206ec0,0x00000cc75e4ec0,0000:ae:0c.0,0x8086,0x2040,0,0x9000007e,2,1,1,
0x0070c5a8206f00,0x00000cc75e4f00,0000:ae:0c.0,0x8086,0x2040,0,0x9000007e,2,0,0,
0x0070c5a8206f40,0x00000cc75e4f40,0000:ae:0c.0,0x8086,0x2040,0,0x9000007e,2,1,1,
0x0070c5a8206f80,0x00000cc75e4f80,0000:ae:0c.0,0x8086,0x2040,0,0x9000007e,2,0,0,
0x0070c5a8206fc0,0x00000cc75e4fc0,0000:ae:0c.0,0x8086,0x2040,0,0x9000007e,2,1,1,
0x0070c5a8207000,0x00000cc75e5000,0000:ae:0c.0,0x8086,0x2040,0,0x9000007e,2,0,0,
0x0070c5a8207040,0x00000cc75e5040,0000:ae:0c.0,0x8086,0x2040,0,0x9000007e,2,1,1,
0x0070c5a8207080,0x00000cc75e5080,0000:ae:0c.0,0x8086,0x2040,0,0x9000007e,2,0,0,
0x0070c5a82070c0,0x00000cc75e50c0,0000:ae:0c.0,0x8086,0x2040,0,0x9000007e,2,1,1,
0x0070c5a8207100,0x00000cc75e5100,0000:ae:0c.0,0x8086,0x2040,0,0x9000007e,2,0,0,
0x0070c5a8207140,0x00000cc75e5140,0000:ae:0c.0,0x8086,0x2040,0,0x9000007e,2,1,1,
0x0070c5a8207180,0x00000cc75e5180,0000:ae:0c.0,0x8086,0x2040,0,0x9000007e,2,0,0,
0x0070c5a82071c0,0x00000cc75e51c0,0000:ae:0c.0,0x8086,0x2040,0,0x9000007e,2,1,1,
0x0070c5a8207200,0x00000cc75e5200,0000:ae:0c.0,0x8086,0x2040,0,0x9000007e,2,0,0,
0x0070c5a8207240,0x00000cc75e5240,0000:ae:0c.0,0x8086,0x2040,0,0x9000007e,2,1,1,
0x0070c5a8207280,0x00000cc75e5280,0000:ae:0c.0,0x8086,0x2040,0,0x9000007e,2,0,0,
0x0070c5a82072c0,0x00000cc75e52c0,0000:ae:0c.0,0x8086,0x2040,0,0x9000007e,2,1,1,
0x0070c5a8207300,0x00000cc75e5300,0000:ae:0c.0,0x8086,0x2040,0,0x9000007e,2,0,0,
0x0070c5a8207340,0x00000cc75e5340,0000:ae:0c.0,0x8086,0x2040,0,0x9000007e,2,1,1,
0x0070c5a8207380,0x00000cc75e5380,0000:ae:0c.0,0x8086,0x2040,0,0x9000007e,2,0,0,
0x0070c5a82073c0,0x00000cc75e53c0,0000:ae:0c.0,0x8086,0x2040,0,0x9000007e,2,1,1,
0x0070c5a8207400,0x00000cc75e5400,0000:ae:0c.0,0x8086,0x2040,0,0x9000007e,2,0,0,
0x0070c5a8207440,0x00000cc75e5440,0000:ae:0c.0,0x8086,0x2040,0,0x9000007e,2,1,1,
0x0070c5a8207480,0x00000cc75e5480,0000:ae:0c.0,0x8086,0x2040,0,0x9000007e,2,0,0,
0x0070c5a82074c0,0x00000cc75e54c0,0000:ae:0c.0,0x8086,0x2040,0,0x9000007e,2,1,1,
0x0070c5a8207500,0x00000cc75e5500,0000:ae:0c.0,0x8086,0x2040,0,0x9000007e,2,0,0,
0x0070c5a8207540,0x00000cc75e5540,0000:ae:0c.0,0x8086,0x2040,0,0x9000007e,2,1,1,
0x0070c5a8207580,0x00000cc75e5580,0000:ae:0c.0,0x8086,0x2040,0,0x9000007e,2,0,0,
0x0070c5a82075c0,0x00000cc75e55c0,0000:ae:0c.0,0x8086,0x2040,0,0x9000007e,2,1,1,
0x0070c5a8207600,0x00000cc75e5600,0000:ae:0c.0,0x8086,0x2040,0,0x9000007e,2,0,0,
0x0070c5a8207640,0x00000cc75e5640,0000:ae:0c.0,0x8086,0x2040,0,0x9000007e,2,1,1,
0x0070c5a8207680,0x00000cc75e5680,0000:ae:0c.0,0x8086,0x2040,0,0x9000007e,2,0,0,
0x0070c5a82076c0,0x00000cc75e56c0,0000:ae:0c.0,0x8086,0x2040,0,0x9000007e,2,1,1,
0x0070c5a8207700,0x00000cc75e5700,0000:ae:0c.0,0x8086,0x2040,0,0x9000007e,2,0,0,
0x0070c5a8207740,0x00000cc75e5740,0000:ae:0c.0,0x8086,0x2040,0,0x9000007e,2,1,1,
0x0070c5a8207780,0x00000cc75e5780,0000:ae:0c.0,0x8086,0x2040,0,0x9000007e,2,0,0,
0x0070c5a82077c0,0x00000cc75e57c0,0000:ae:0c.0,0x8086,0x2040,0,0x9000007e,2,1,1,
0x0070c5a8207800,0x00000cc75e5800,0000:ae:0c.0,0x8086,0x2040,0,0x9000007e,2,0,0,
0x0070c5a8207840,0x00000cc75e5840,0000:ae:0c.0,0x8086,0x2040,0,0x9000007e,2,1,1,
0x0070c5a8207880,0x00000cc75e5880,0000:ae:0c.0,0x8086,0x2040,0,0x9000007e,2,0,0,
0x0070c5a82078c0,0x00000cc75e58c0,0000:ae:0c.0,0x8086,0x2040,0,0x9000007e,2,1,1,
0x0070c5a8207900,0x00000cc75e5900,0000:ae:0c.0,0x8086,0x2040,0,0x9000007e,2,0,0,
0x0070c5a8207940,0x00000cc75e5940,0000:ae:0c.0,0x8086,0x2040,0,0x9000007e,2,1,1,
0x0070c5a8207980,0x00000cc75e5980,0000:ae:0c.0,0x8086,0x2040,0,0x9000007e,2,0,0,
0x0070c5a82079c0,0x00000cc75e59c0,0000:ae:0c.0,0x8086,0x2040,0,0x9000007e,2,1,1,
0x0070c5a8207a00,0x00000cc75e5a00,0000:ae:0c.0,0x8086,0x2040,0,0x9000007e,2,0,0,
0x0070c5a8207a40,0x00000cc75e5a40,0000:ae:0c.0,0x8086,0x2040,0,0x9000007e,2,1,1,
0x0070c5a8207a80,0x00000cc75e5a80,0000:ae:0c.0,0x8086,0x2040,0,0x9000007e,2,0,0,
0x0070c5a8207ac0,0x00000cc75e5ac0,0000:ae:0c.0,0x8086,0x2040,0,0x9000007e,2,1,1,
0x0070c5a8207b00,0x00000cc75e5b00,0000:ae:0c.0,0x8086,0x2040,0,0x9000007e,2,0,0,
0x0070c5a8207b40,0x00000cc75e5b40,0000:ae:0c.0,0x8086,0x2040,0,0x9000007e,2,1,1,
0x0070c5a8207b80,0x00000cc75e5b80,0000:ae:0c.0,0x8086,0x2040,0,0x9000007e,2,0,0,
0x0070c5a8207bc0,0x00000cc75e5bc0,0000:ae:0c.0,0x8086,0x2040,0,0x9000007e,2,1,1,
0x0070c5a8207c00,0x00000cc75e5c00,0000:ae:0c.0,0x8086,0x2040,0,0x9000007e,2,0,0,
0x0070c5a8207c40,0x00000cc75e5c40,0000:ae:0c.0,0x8086,0x2040,0,0x9000007e,2,1,1,
0x0070c5a8207c80,0x00000cc75e5c80,0000:ae:0c.0,0x8086,0x2040,0,0x9000007e,2,0,0,
0x0070c5a8207cc0,0x00000cc75e5cc0,0000:ae:0c.0,0x8086,0x2040,0,0x9000007e,2,1,1,
0x0070c5a8207d00,0x00000cc75e5d00,0000:ae:0c.0,0x8086,0x2040,0,0x9000007e,2,0,0,
0x0070c5a8207d40,0x00000cc75e5d40,0000:ae:0c.0,0x8086,0x2040,0,0x9000007e,2,1,1,
0x0070c5a8207d80,0x00000cc75e5d80,0000:ae:0c.0,0x8086,0x2040,0,0x9000007e,2,0,0,
0x0070c5a8207dc0,0x00000cc75e5dc0,0000:ae:0c.0,0x8086,0x2040,0,0x9000007e,2,1,1,
0x0070c5a8207e00,0x00000cc75e5e00,0000:ae:0c.0,0x8086,0x2040,0,0x9000007e,2,0,0,
0x0070c5a8207e40,0x00000cc75e5e40,0000:ae:0c.0,0x8086,0x2040,0,0x9000007e,2,1,1,
0x0070c5a8207e80,0x00000cc75e5e80,0000:ae:0c.0,0x8086,0x2040,0,0x9000007e,2,0,0,
0x0070c5a8207ec0,0x00000cc75e5ec0,0000:ae:0c.0,0x8086,0x2040,0,0x9000007e,2,1,1,
0x0070c5a8207f00,0x00000cc75e5f00,0000:ae:0c.0,0x8086,0x2040,0,0x9000007e,2,0,0,
0x0070c5a8207f40,0x00000cc75e5f40,0000:ae:0c.0,0x8086,0x2040,0,0x9000007e,2,1,1,
0x0070c5a8207f80,0x00000cc75e5f80,0000:ae:0c.0,0x8086,0x2040,0,0x9000007e,2,0,0,
0x0070c5a8207fc0,0x00000cc75e5fc0,0000:ae:0c.0,0x8086,0x2040,0,0x9000007e,2,1,1,
