va,pa,s,imc,ch,d,r,bg,ba,row,col
0x00007d762f89b000,0x0000000222ea9000,0,0,0,0,1,0,3,5213,64
0x00007d762f89b080,0x0000000222ea9080,0,0,0,0,1,0,3,5213,72
0x00007d762f89b400,0x0000000222ea9400,0,0,0,0,1,0,3,5213,80
0x00007d762f89b480,0x0000000222ea9480,0,0,0,0,1,0,3,5213,88
0x00007d762f89b800,0x0000000222ea9800,0,0,0,0,1,0,3,5213,96
0x00007d762f89b880,0x0000000222ea9880,0,0,0,0,1,0,3,5213,104
0x00007d762f89bc00,0x0000000222ea9c00,0,0,0,0,1,0,3,5213,112
0x00007d762f89bc80,0x0000000222ea9c80,0,0,0,0,1,0,3,5213,120
0x00007d762f864000,0x0000000222eaa000,0,0,0,0,1,0,3,5213,128
0x00007d762f864080,0x0000000222eaa080,0,0,0,0,1,0,3,5213,136
0x00007d762f864400,0x0000000222eaa400,0,0,0,0,1,0,3,5213,144
0x00007d762f864480,0x0000000222eaa480,0,0,0,0,1,0,3,5213,152
0x00007d762f864800,0x0000000222eaa800,0,0,0,0,1,0,3,5213,160
0x00007d762f864880,0x0000000222eaa880,0,0,0,0,1,0,3,5213,168
0x00007d762f864c00,0x0000000222eaac00,0,0,0,0,1,0,3,5213,176
0x00007d762f864c80,0x0000000222eaac80,0,0,0,0,1,0,3,5213,184
0x00007d762f7ee000,0x0000000222eae000,0,0,0,0,1,0,3,5213,384
0x00007d762f7ee080,0x0000000222eae080,0,0,0,0,1,0,3,5213,392
0x00007d762f7ee400,0x0000000222eae400,0,0,0,0,1,0,3,5213,400
0x00007d762f7ee480,0x0000000222eae480,0,0,0,0,1,0,3,5213,408
0x00007d762f7ee800,0x0000000222eae800,0,0,0,0,1,0,3,5213,416
0x00007d762f7ee880,0x0000000222eae880,0,0,0,0,1,0,3,5213,424
0x00007d762f7eec00,0x0000000222eaec00,0,0,0,0,1,0,3,5213,432
0x00007d762f7eec80,0x0000000222eaec80,0,0,0,0,1,0,3,5213,440
0x00007d762f822000,0x0000000222eaf000,0,0,0,0,1,0,3,5213,448
0x00007d762f822080,0x0000000222eaf080,0,0,0,0,1,0,3,5213,456
0x00007d762f822400,0x0000000222eaf400,0,0,0,0,1,0,3,5213,464
0x00007d762f822480,0x0000000222eaf480,0,0,0,0,1,0,3,5213,472
0x00007d762f822800,0x0000000222eaf800,0,0,0,0,1,0,3,5213,480
0x00007d762f822880,0x0000000222eaf880,0,0,0,0,1,0,3,5213,488
0x00007d762f822c00,0x0000000222eafc00,0,0,0,0,1,0,3,5213,496
0x00007d762f822c80,0x0000000222eafc80,0,0,0,0,1,0,3,5213,504
0x00007d762f6bd000,0x000000029b618000,0,0,0,0,1,0,3,9056,512
0x00007d762f6bd080,0x000000029b618080,0,0,0,0,1,0,3,9056,520
0x00007d762f6bd400,0x000000029b618400,0,0,0,0,1,0,3,9056,528
0x00007d762f6bd480,0x000000029b618480,0,0,0,0,1,0,3,9056,536
0x00007d762f6bd800,0x000000029b618800,0,0,0,0,1,0,3,9056,544
0x00007d762f6bd880,0x000000029b618880,0,0,0,0,1,0,3,9056,552
0x00007d762f6bdc00,0x000000029b618c00,0,0,0,0,1,0,3,9056,560
0x00007d762f6bdc80,0x000000029b618c80,0,0,0,0,1,0,3,9056,568
0x00007d762f8bf000,0x000000029b61d000,0,0,0,0,1,0,3,9056,832
0x00007d762f8bf080,0x000000029b61d080,0,0,0,0,1,0,3,9056,840
0x00007d762f8bf400,0x000000029b61d400,0,0,0,0,1,0,3,9056,848
0x00007d762f8bf480,0x000000029b61d480,0,0,0,0,1,0,3,9056,856
0x00007d762f8bf800,0x000000029b61d800,0,0,0,0,1,0,3,9056,864
0x00007d762f8bf880,0x000000029b61d880,0,0,0,0,1,0,3,9056,872
0x00007d762f8bfc00,0x000000029b61dc00,0,0,0,0,1,0,3,9056,880
0x00007d762f8bfc80,0x000000029b61dc80,0,0,0,0,1,0,3,9056,888
0x00007d762f6ba000,0x000000029b658000,0,0,0,0,1,0,3,9058,512
0x00007d762f6ba080,0x000000029b658080,0,0,0,0,1,0,3,9058,520
0x00007d762f6ba400,0x000000029b658400,0,0,0,0,1,0,3,9058,528
0x00007d762f6ba480,0x000000029b658480,0,0,0,0,1,0,3,9058,536
0x00007d762f6ba800,0x000000029b658800,0,0,0,0,1,0,3,9058,544
0x00007d762f6ba880,0x000000029b658880,0,0,0,0,1,0,3,9058,552
0x00007d762f6bac00,0x000000029b658c00,0,0,0,0,1,0,3,9058,560
0x00007d762f6bac80,0x000000029b658c80,0,0,0,0,1,0,3,9058,568
0x00007d762f6f3000,0x000000029b65b000,0,0,0,0,1,0,3,9058,704
0x00007d762f6f3080,0x000000029b65b080,0,0,0,0,1,0,3,9058,712
0x00007d762f6f3400,0x000000029b65b400,0,0,0,0,1,0,3,9058,720
0x00007d762f6f3480,0x000000029b65b480,0,0,0,0,1,0,3,9058,728
0x00007d762f6f3800,0x000000029b65b800,0,0,0,0,1,0,3,9058,736
0x00007d762f6f3880,0x000000029b65b880,0,0,0,0,1,0,3,9058,744
0x00007d762f6f3c00,0x000000029b65bc00,0,0,0,0,1,0,3,9058,752
0x00007d762f6f3c80,0x000000029b65bc80,0,0,0,0,1,0,3,9058,760
0x00007d762f66e000,0x000000029b65c000,0,0,0,0,1,0,3,9058,768
0x00007d762f66e080,0x000000029b65c080,0,0,0,0,1,0,3,9058,776
0x00007d762f66e400,0x000000029b65c400,0,0,0,0,1,0,3,9058,784
0x00007d762f66e480,0x000000029b65c480,0,0,0,0,1,0,3,9058,792
0x00007d762f66e800,0x000000029b65c800,0,0,0,0,1,0,3,9058,800
0x00007d762f66e880,0x000000029b65c880,0,0,0,0,1,0,3,9058,808
0x00007d762f66ec00,0x000000029b65cc00,0,0,0,0,1,0,3,9058,816
0x00007d762f66ec80,0x000000029b65cc80,0,0,0,0,1,0,3,9058,824
0x00007d762f8aa000,0x000000029b65d000,0,0,0,0,1,0,3,9058,832
0x00007d762f8aa080,0x000000029b65d080,0,0,0,0,1,0,3,9058,840
0x00007d762f8aa400,0x000000029b65d400,0,0,0,0,1,0,3,9058,848
0x00007d762f8aa480,0x000000029b65d480,0,0,0,0,1,0,3,9058,856
0x00007d762f8aa800,0x000000029b65d800,0,0,0,0,1,0,3,9058,864
0x00007d762f8aa880,0x000000029b65d880,0,0,0,0,1,0,3,9058,872
0x00007d762f8aac00,0x000000029b65dc00,0,0,0,0,1,0,3,9058,880
0x00007d762f8aac80,0x000000029b65dc80,0,0,0,0,1,0,3,9058,888
0x00007d762f799000,0x000000029b65e000,0,0,0,0,1,0,3,9058,896
0x00007d762f799080,0x000000029b65e080,0,0,0,0,1,0,3,9058,904
0x00007d762f799400,0x000000029b65e400,0,0,0,0,1,0,3,9058,912
0x00007d762f799480,0x000000029b65e480,0,0,0,0,1,0,3,9058,920
0x00007d762f799800,0x000000029b65e800,0,0,0,0,1,0,3,9058,928
0x00007d762f799880,0x000000029b65e880,0,0,0,0,1,0,3,9058,936
0x00007d762f799c00,0x000000029b65ec00,0,0,0,0,1,0,3,9058,944
0x00007d762f799c80,0x000000029b65ec80,0,0,0,0,1,0,3,9058,952
0x00007d762f84a000,0x00000004466c8000,0,0,0,0,1,0,3,14550,0
0x00007d762f84a080,0x00000004466c8080,0,0,0,0,1,0,3,14550,8
0x00007d762f84a400,0x00000004466c8400,0,0,0,0,1,0,3,14550,16
0x00007d762f84a480,0x00000004466c8480,0,0,0,0,1,0,3,14550,24
0x00007d762f84a800,0x00000004466c8800,0,0,0,0,1,0,3,14550,32
0x00007d762f84a880,0x00000004466c8880,0,0,0,0,1,0,3,14550,40
0x00007d762f84ac00,0x00000004466c8c00,0,0,0,0,1,0,3,14550,48
0x00007d762f84ac80,0x00000004466c8c80,0,0,0,0,1,0,3,14550,56
0x00007d762f625000,0x00000004466c9000,0,0,0,0,1,0,3,14550,64
0x00007d762f625080,0x00000004466c9080,0,0,0,0,1,0,3,14550,72
0x00007d762f625400,0x00000004466c9400,0,0,0,0,1,0,3,14550,80
0x00007d762f625480,0x00000004466c9480,0,0,0,0,1,0,3,14550,88
0x00007d762f625800,0x00000004466c9800,0,0,0,0,1,0,3,14550,96
0x00007d762f625880,0x00000004466c9880,0,0,0,0,1,0,3,14550,104
0x00007d762f625c00,0x00000004466c9c00,0,0,0,0,1,0,3,14550,112
0x00007d762f625c80,0x00000004466c9c80,0,0,0,0,1,0,3,14550,120
0x00007d762f65d000,0x00000004466cd000,0,0,0,0,1,0,3,14550,320
0x00007d762f65d080,0x00000004466cd080,0,0,0,0,1,0,3,14550,328
0x00007d762f65d400,0x00000004466cd400,0,0,0,0,1,0,3,14550,336
0x00007d762f65d480,0x00000004466cd480,0,0,0,0,1,0,3,14550,344
0x00007d762f65d800,0x00000004466cd800,0,0,0,0,1,0,3,14550,352
0x00007d762f65d880,0x00000004466cd880,0,0,0,0,1,0,3,14550,360
0x00007d762f65dc00,0x00000004466cdc00,0,0,0,0,1,0,3,14550,368
0x00007d762f65dc80,0x00000004466cdc80,0,0,0,0,1,0,3,14550,376
0x00007d762f70e000,0x00000004466cf000,0,0,0,0,1,0,3,14550,448
0x00007d762f70e080,0x00000004466cf080,0,0,0,0,1,0,3,14550,456
0x00007d762f70e400,0x00000004466cf400,0,0,0,0,1,0,3,14550,464
0x00007d762f70e480,0x00000004466cf480,0,0,0,0,1,0,3,14550,472
0x00007d762f70e800,0x00000004466cf800,0,0,0,0,1,0,3,14550,480
0x00007d762f70e880,0x00000004466cf880,0,0,0,0,1,0,3,14550,488
0x00007d762f70ec00,0x00000004466cfc00,0,0,0,0,1,0,3,14550,496
0x00007d762f70ec80,0x00000004466cfc80,0,0,0,0,1,0,3,14550,504
0x00007d762f6e8000,0x0000000565e48000,0,0,0,0,1,0,3,19642,0
0x00007d762f6e8080,0x0000000565e48080,0,0,0,0,1,0,3,19642,8
0x00007d762f6e8400,0x0000000565e48400,0,0,0,0,1,0,3,19642,16
0x00007d762f6e8480,0x0000000565e48480,0,0,0,0,1,0,3,19642,24
0x00007d762f6e8800,0x0000000565e48800,0,0,0,0,1,0,3,19642,32
0x00007d762f6e8880,0x0000000565e48880,0,0,0,0,1,0,3,19642,40
0x00007d762f6e8c00,0x0000000565e48c00,0,0,0,0,1,0,3,19642,48
0x00007d762f6e8c80,0x0000000565e48c80,0,0,0,0,1,0,3,19642,56
0x00007d762f6eb000,0x0000000565e4a000,0,0,0,0,1,0,3,19642,128
0x00007d762f6eb080,0x0000000565e4a080,0,0,0,0,1,0,3,19642,136
0x00007d762f6eb400,0x0000000565e4a400,0,0,0,0,1,0,3,19642,144
0x00007d762f6eb480,0x0000000565e4a480,0,0,0,0,1,0,3,19642,152
0x00007d762f6eb800,0x0000000565e4a800,0,0,0,0,1,0,3,19642,160
0x00007d762f6eb880,0x0000000565e4a880,0,0,0,0,1,0,3,19642,168
0x00007d762f6ebc00,0x0000000565e4ac00,0,0,0,0,1,0,3,19642,176
0x00007d762f6ebc80,0x0000000565e4ac80,0,0,0,0,1,0,3,19642,184
0x00007d762f618000,0x0000000565e4b000,0,0,0,0,1,0,3,19642,192
0x00007d762f618080,0x0000000565e4b080,0,0,0,0,1,0,3,19642,200
0x00007d762f618400,0x0000000565e4b400,0,0,0,0,1,0,3,19642,208
0x00007d762f618480,0x0000000565e4b480,0,0,0,0,1,0,3,19642,216
0x00007d762f618800,0x0000000565e4b800,0,0,0,0,1,0,3,19642,224
0x00007d762f618880,0x0000000565e4b880,0,0,0,0,1,0,3,19642,232
0x00007d762f618c00,0x0000000565e4bc00,0,0,0,0,1,0,3,19642,240
0x00007d762f618c80,0x0000000565e4bc80,0,0,0,0,1,0,3,19642,248
0x00007d762f6e9000,0x0000000565e4c000,0,0,0,0,1,0,3,19642,256
0x00007d762f6e9080,0x0000000565e4c080,0,0,0,0,1,0,3,19642,264
0x00007d762f6e9400,0x0000000565e4c400,0,0,0,0,1,0,3,19642,272
0x00007d762f6e9480,0x0000000565e4c480,0,0,0,0,1,0,3,19642,280
0x00007d762f6e9800,0x0000000565e4c800,0,0,0,0,1,0,3,19642,288
0x00007d762f6e9880,0x0000000565e4c880,0,0,0,0,1,0,3,19642,296
0x00007d762f6e9c00,0x0000000565e4cc00,0,0,0,0,1,0,3,19642,304
0x00007d762f6e9c80,0x0000000565e4cc80,0,0,0,0,1,0,3,19642,312
0x00007d762f6e1000,0x0000000565e4e000,0,0,0,0,1,0,3,19642,384
0x00007d762f6e1080,0x0000000565e4e080,0,0,0,0,1,0,3,19642,392
0x00007d762f6e1400,0x0000000565e4e400,0,0,0,0,1,0,3,19642,400
0x00007d762f6e1480,0x0000000565e4e480,0,0,0,0,1,0,3,19642,408
0x00007d762f6e1800,0x0000000565e4e800,0,0,0,0,1,0,3,19642,416
0x00007d762f6e1880,0x0000000565e4e880,0,0,0,0,1,0,3,19642,424
0x00007d762f6e1c00,0x0000000565e4ec00,0,0,0,0,1,0,3,19642,432
0x00007d762f6e1c80,0x0000000565e4ec80,0,0,0,0,1,0,3,19642,440
0x00007d762f8de000,0x00000005c8608000,0,0,0,0,1,0,3,22784,0
0x00007d762f8de080,0x00000005c8608080,0,0,0,0,1,0,3,22784,8
0x00007d762f8de400,0x00000005c8608400,0,0,0,0,1,0,3,22784,16
0x00007d762f8de480,0x00000005c8608480,0,0,0,0,1,0,3,22784,24
0x00007d762f8de800,0x00000005c8608800,0,0,0,0,1,0,3,22784,32
0x00007d762f8de880,0x00000005c8608880,0,0,0,0,1,0,3,22784,40
0x00007d762f8dec00,0x00000005c8608c00,0,0,0,0,1,0,3,22784,48
0x00007d762f8dec80,0x00000005c8608c80,0,0,0,0,1,0,3,22784,56
0x00007d762f6ec000,0x00000006a0618000,0,0,0,0,1,0,3,25600,512
0x00007d762f6ec080,0x00000006a0618080,0,0,0,0,1,0,3,25600,520
0x00007d762f6ec400,0x00000006a0618400,0,0,0,0,1,0,3,25600,528
0x00007d762f6ec480,0x00000006a0618480,0,0,0,0,1,0,3,25600,536
0x00007d762f6ec800,0x00000006a0618800,0,0,0,0,1,0,3,25600,544
0x00007d762f6ec880,0x00000006a0618880,0,0,0,0,1,0,3,25600,552
0x00007d762f6ecc00,0x00000006a0618c00,0,0,0,0,1,0,3,25600,560
0x00007d762f6ecc80,0x00000006a0618c80,0,0,0,0,1,0,3,25600,568
0x00007d762f6f8000,0x00000006a061b000,0,0,0,0,1,0,3,25600,704
0x00007d762f6f8080,0x00000006a061b080,0,0,0,0,1,0,3,25600,712
0x00007d762f6f8400,0x00000006a061b400,0,0,0,0,1,0,3,25600,720
0x00007d762f6f8480,0x00000006a061b480,0,0,0,0,1,0,3,25600,728
0x00007d762f6f8800,0x00000006a061b800,0,0,0,0,1,0,3,25600,736
0x00007d762f6f8880,0x00000006a061b880,0,0,0,0,1,0,3,25600,744
0x00007d762f6f8c00,0x00000006a061bc00,0,0,0,0,1,0,3,25600,752
0x00007d762f6f8c80,0x00000006a061bc80,0,0,0,0,1,0,3,25600,760
0x00007d762f898000,0x00000006a061c000,0,0,0,0,1,0,3,25600,768
0x00007d762f898080,0x00000006a061c080,0,0,0,0,1,0,3,25600,776
0x00007d762f898400,0x00000006a061c400,0,0,0,0,1,0,3,25600,784
0x00007d762f898480,0x00000006a061c480,0,0,0,0,1,0,3,25600,792
0x00007d762f898800,0x00000006a061c800,0,0,0,0,1,0,3,25600,800
0x00007d762f898880,0x00000006a061c880,0,0,0,0,1,0,3,25600,808
0x00007d762f898c00,0x00000006a061cc00,0,0,0,0,1,0,3,25600,816
0x00007d762f898c80,0x00000006a061cc80,0,0,0,0,1,0,3,25600,824
0x00007d762f606000,0x00000006a061f000,0,0,0,0,1,0,3,25600,960
0x00007d762f606080,0x00000006a061f080,0,0,0,0,1,0,3,25600,968
0x00007d762f606400,0x00000006a061f400,0,0,0,0,1,0,3,25600,976
0x00007d762f606480,0x00000006a061f480,0,0,0,0,1,0,3,25600,984
0x00007d762f606800,0x00000006a061f800,0,0,0,0,1,0,3,25600,992
0x00007d762f606880,0x00000006a061f880,0,0,0,0,1,0,3,25600,1000
0x00007d762f606c00,0x00000006a061fc00,0,0,0,0,1,0,3,25600,1008
0x00007d762f606c80,0x00000006a061fc80,0,0,0,0,1,0,3,25600,1016
0x00007d762f67a000,0x00000007fb6e8000,0,0,0,0,1,0,3,32615,0
0x00007d762f67a080,0x00000007fb6e8080,0,0,0,0,1,0,3,32615,8
0x00007d762f67a400,0x00000007fb6e8400,0,0,0,0,1,0,3,32615,16
0x00007d762f67a480,0x00000007fb6e8480,0,0,0,0,1,0,3,32615,24
0x00007d762f67a800,0x00000007fb6e8800,0,0,0,0,1,0,3,32615,32
0x00007d762f67a880,0x00000007fb6e8880,0,0,0,0,1,0,3,32615,40
0x00007d762f67ac00,0x00000007fb6e8c00,0,0,0,0,1,0,3,32615,48
0x00007d762f67ac80,0x00000007fb6e8c80,0,0,0,0,1,0,3,32615,56
0x00007d762f690000,0x00000007fb6e9000,0,0,0,0,1,0,3,32615,64
0x00007d762f690080,0x00000007fb6e9080,0,0,0,0,1,0,3,32615,72
0x00007d762f690400,0x00000007fb6e9400,0,0,0,0,1,0,3,32615,80
0x00007d762f690480,0x00000007fb6e9480,0,0,0,0,1,0,3,32615,88
0x00007d762f690800,0x00000007fb6e9800,0,0,0,0,1,0,3,32615,96
0x00007d762f690880,0x00000007fb6e9880,0,0,0,0,1,0,3,32615,104
0x00007d762f690c00,0x00000007fb6e9c00,0,0,0,0,1,0,3,32615,112
0x00007d762f690c80,0x00000007fb6e9c80,0,0,0,0,1,0,3,32615,120
0x00007d762f7f0000,0x00000007fb6ed000,0,0,0,0,1,0,3,32615,320
0x00007d762f7f0080,0x00000007fb6ed080,0,0,0,0,1,0,3,32615,328
0x00007d762f7f0400,0x00000007fb6ed400,0,0,0,0,1,0,3,32615,336
0x00007d762f7f0480,0x00000007fb6ed480,0,0,0,0,1,0,3,32615,344
0x00007d762f7f0800,0x00000007fb6ed800,0,0,0,0,1,0,3,32615,352
0x00007d762f7f0880,0x00000007fb6ed880,0,0,0,0,1,0,3,32615,360
0x00007d762f7f0c00,0x00000007fb6edc00,0,0,0,0,1,0,3,32615,368
0x00007d762f7f0c80,0x00000007fb6edc80,0,0,0,0,1,0,3,32615,376
0x00007d762f7da000,0x00000007fb6ee000,0,0,0,0,1,0,3,32615,384
0x00007d762f7da080,0x00000007fb6ee080,0,0,0,0,1,0,3,32615,392
0x00007d762f7da400,0x00000007fb6ee400,0,0,0,0,1,0,3,32615,400
0x00007d762f7da480,0x00000007fb6ee480,0,0,0,0,1,0,3,32615,408
0x00007d762f7da800,0x00000007fb6ee800,0,0,0,0,1,0,3,32615,416
0x00007d762f7da880,0x00000007fb6ee880,0,0,0,0,1,0,3,32615,424
0x00007d762f7dac00,0x00000007fb6eec00,0,0,0,0,1,0,3,32615,432
0x00007d762f7dac80,0x00000007fb6eec80,0,0,0,0,1,0,3,32615,440
0x00007d762f722000,0x0000000915628000,0,0,0,0,1,0,3,33457,0
0x00007d762f722080,0x0000000915628080,0,0,0,0,1,0,3,33457,8
0x00007d762f722400,0x0000000915628400,0,0,0,0,1,0,3,33457,16
0x00007d762f722480,0x0000000915628480,0,0,0,0,1,0,3,33457,24
0x00007d762f722800,0x0000000915628800,0,0,0,0,1,0,3,33457,32
0x00007d762f722880,0x0000000915628880,0,0,0,0,1,0,3,33457,40
0x00007d762f722c00,0x0000000915628c00,0,0,0,0,1,0,3,33457,48
0x00007d762f722c80,0x0000000915628c80,0,0,0,0,1,0,3,33457,56
0x00007d762f71b000,0x0000000915629000,0,0,0,0,1,0,3,33457,64
0x00007d762f71b080,0x0000000915629080,0,0,0,0,1,0,3,33457,72
0x00007d762f71b400,0x0000000915629400,0,0,0,0,1,0,3,33457,80
0x00007d762f71b480,0x0000000915629480,0,0,0,0,1,0,3,33457,88
0x00007d762f71b800,0x0000000915629800,0,0,0,0,1,0,3,33457,96
0x00007d762f71b880,0x0000000915629880,0,0,0,0,1,0,3,33457,104
0x00007d762f71bc00,0x0000000915629c00,0,0,0,0,1,0,3,33457,112
0x00007d762f71bc80,0x0000000915629c80,0,0,0,0,1,0,3,33457,120
0x00007d762f73d000,0x000000091562a000,0,0,0,0,1,0,3,33457,128
0x00007d762f73d080,0x000000091562a080,0,0,0,0,1,0,3,33457,136
0x00007d762f73d400,0x000000091562a400,0,0,0,0,1,0,3,33457,144
0x00007d762f73d480,0x000000091562a480,0,0,0,0,1,0,3,33457,152
0x00007d762f73d800,0x000000091562a800,0,0,0,0,1,0,3,33457,160
0x00007d762f73d880,0x000000091562a880,0,0,0,0,1,0,3,33457,168
0x00007d762f73dc00,0x000000091562ac00,0,0,0,0,1,0,3,33457,176
0x00007d762f73dc80,0x000000091562ac80,0,0,0,0,1,0,3,33457,184
0x00007d762f612000,0x000000091562b000,0,0,0,0,1,0,3,33457,192
0x00007d762f612080,0x000000091562b080,0,0,0,0,1,0,3,33457,200
0x00007d762f612400,0x000000091562b400,0,0,0,0,1,0,3,33457,208
0x00007d762f612480,0x000000091562b480,0,0,0,0,1,0,3,33457,216
0x00007d762f612800,0x000000091562b800,0,0,0,0,1,0,3,33457,224
0x00007d762f612880,0x000000091562b880,0,0,0,0,1,0,3,33457,232
0x00007d762f612c00,0x000000091562bc00,0,0,0,0,1,0,3,33457,240
0x00007d762f612c80,0x000000091562bc80,0,0,0,0,1,0,3,33457,248
0x00007d762f7d0000,0x000000091562c000,0,0,0,0,1,0,3,33457,256
0x00007d762f7d0080,0x000000091562c080,0,0,0,0,1,0,3,33457,264
0x00007d762f7d0400,0x000000091562c400,0,0,0,0,1,0,3,33457,272
0x00007d762f7d0480,0x000000091562c480,0,0,0,0,1,0,3,33457,280
0x00007d762f7d0800,0x000000091562c800,0,0,0,0,1,0,3,33457,288
0x00007d762f7d0880,0x000000091562c880,0,0,0,0,1,0,3,33457,296
0x00007d762f7d0c00,0x000000091562cc00,0,0,0,0,1,0,3,33457,304
0x00007d762f7d0c80,0x000000091562cc80,0,0,0,0,1,0,3,33457,312
0x00007d762f69e000,0x000000091562e000,0,0,0,0,1,0,3,33457,384
0x00007d762f69e080,0x000000091562e080,0,0,0,0,1,0,3,33457,392
0x00007d762f69e400,0x000000091562e400,0,0,0,0,1,0,3,33457,400
0x00007d762f69e480,0x000000091562e480,0,0,0,0,1,0,3,33457,408
0x00007d762f69e800,0x000000091562e800,0,0,0,0,1,0,3,33457,416
0x00007d762f69e880,0x000000091562e880,0,0,0,0,1,0,3,33457,424
0x00007d762f69ec00,0x000000091562ec00,0,0,0,0,1,0,3,33457,432
0x00007d762f69ec80,0x000000091562ec80,0,0,0,0,1,0,3,33457,440
0x00007d762f610000,0x000000091562f000,0,0,0,0,1,0,3,33457,448
0x00007d762f610080,0x000000091562f080,0,0,0,0,1,0,3,33457,456
0x00007d762f610400,0x000000091562f400,0,0,0,0,1,0,3,33457,464
0x00007d762f610480,0x000000091562f480,0,0,0,0,1,0,3,33457,472
0x00007d762f610800,0x000000091562f800,0,0,0,0,1,0,3,33457,480
0x00007d762f610880,0x000000091562f880,0,0,0,0,1,0,3,33457,488
0x00007d762f610c00,0x000000091562fc00,0,0,0,0,1,0,3,33457,496
0x00007d762f610c80,0x000000091562fc80,0,0,0,0,1,0,3,33457,504
0x00007d762f823000,0x00000009bf689000,0,0,0,0,1,0,3,38884,64
0x00007d762f823080,0x00000009bf689080,0,0,0,0,1,0,3,38884,72
0x00007d762f823400,0x00000009bf689400,0,0,0,0,1,0,3,38884,80
0x00007d762f823480,0x00000009bf689480,0,0,0,0,1,0,3,38884,88
0x00007d762f823800,0x00000009bf689800,0,0,0,0,1,0,3,38884,96
0x00007d762f823880,0x00000009bf689880,0,0,0,0,1,0,3,38884,104
0x00007d762f823c00,0x00000009bf689c00,0,0,0,0,1,0,3,38884,112
0x00007d762f823c80,0x00000009bf689c80,0,0,0,0,1,0,3,38884,120
0x00007d762f830000,0x00000009bf68a000,0,0,0,0,1,0,3,38884,128
0x00007d762f830080,0x00000009bf68a080,0,0,0,0,1,0,3,38884,136
0x00007d762f830400,0x00000009bf68a400,0,0,0,0,1,0,3,38884,144
0x00007d762f830480,0x00000009bf68a480,0,0,0,0,1,0,3,38884,152
0x00007d762f830800,0x00000009bf68a800,0,0,0,0,1,0,3,38884,160
0x00007d762f830880,0x00000009bf68a880,0,0,0,0,1,0,3,38884,168
0x00007d762f830c00,0x00000009bf68ac00,0,0,0,0,1,0,3,38884,176
0x00007d762f830c80,0x00000009bf68ac80,0,0,0,0,1,0,3,38884,184
0x00007d762f616000,0x00000009bf68b000,0,0,0,0,1,0,3,38884,192
0x00007d762f616080,0x00000009bf68b080,0,0,0,0,1,0,3,38884,200
0x00007d762f616400,0x00000009bf68b400,0,0,0,0,1,0,3,38884,208
0x00007d762f616480,0x00000009bf68b480,0,0,0,0,1,0,3,38884,216
0x00007d762f616800,0x00000009bf68b800,0,0,0,0,1,0,3,38884,224
0x00007d762f616880,0x00000009bf68b880,0,0,0,0,1,0,3,38884,232
0x00007d762f616c00,0x00000009bf68bc00,0,0,0,0,1,0,3,38884,240
0x00007d762f616c80,0x00000009bf68bc80,0,0,0,0,1,0,3,38884,248
0x00007d762f6c8000,0x00000009bf68c000,0,0,0,0,1,0,3,38884,256
0x00007d762f6c8080,0x00000009bf68c080,0,0,0,0,1,0,3,38884,264
0x00007d762f6c8400,0x00000009bf68c400,0,0,0,0,1,0,3,38884,272
0x00007d762f6c8480,0x00000009bf68c480,0,0,0,0,1,0,3,38884,280
0x00007d762f6c8800,0x00000009bf68c800,0,0,0,0,1,0,3,38884,288
0x00007d762f6c8880,0x00000009bf68c880,0,0,0,0,1,0,3,38884,296
0x00007d762f6c8c00,0x00000009bf68cc00,0,0,0,0,1,0,3,38884,304
0x00007d762f6c8c80,0x00000009bf68cc80,0,0,0,0,1,0,3,38884,312
0x00007d762f694000,0x00000009bf68d000,0,0,0,0,1,0,3,38884,320
0x00007d762f694080,0x00000009bf68d080,0,0,0,0,1,0,3,38884,328
0x00007d762f694400,0x00000009bf68d400,0,0,0,0,1,0,3,38884,336
0x00007d762f694480,0x00000009bf68d480,0,0,0,0,1,0,3,38884,344
0x00007d762f694800,0x00000009bf68d800,0,0,0,0,1,0,3,38884,352
0x00007d762f694880,0x00000009bf68d880,0,0,0,0,1,0,3,38884,360
0x00007d762f694c00,0x00000009bf68dc00,0,0,0,0,1,0,3,38884,368
0x00007d762f694c80,0x00000009bf68dc80,0,0,0,0,1,0,3,38884,376
0x00007d762f692000,0x00000009bf68e000,0,0,0,0,1,0,3,38884,384
0x00007d762f692080,0x00000009bf68e080,0,0,0,0,1,0,3,38884,392
0x00007d762f692400,0x00000009bf68e400,0,0,0,0,1,0,3,38884,400
0x00007d762f692480,0x00000009bf68e480,0,0,0,0,1,0,3,38884,408
0x00007d762f692800,0x00000009bf68e800,0,0,0,0,1,0,3,38884,416
0x00007d762f692880,0x00000009bf68e880,0,0,0,0,1,0,3,38884,424
0x00007d762f692c00,0x00000009bf68ec00,0,0,0,0,1,0,3,38884,432
0x00007d762f692c80,0x00000009bf68ec80,0,0,0,0,1,0,3,38884,440
0x00007d762f738000,0x0000000b3b6c8000,0,0,0,0,1,0,3,42870,0
0x00007d762f738080,0x0000000b3b6c8080,0,0,0,0,1,0,3,42870,8
0x00007d762f738400,0x0000000b3b6c8400,0,0,0,0,1,0,3,42870,16
0x00007d762f738480,0x0000000b3b6c8480,0,0,0,0,1,0,3,42870,24
0x00007d762f738800,0x0000000b3b6c8800,0,0,0,0,1,0,3,42870,32
0x00007d762f738880,0x0000000b3b6c8880,0,0,0,0,1,0,3,42870,40
0x00007d762f738c00,0x0000000b3b6c8c00,0,0,0,0,1,0,3,42870,48
0x00007d762f738c80,0x0000000b3b6c8c80,0,0,0,0,1,0,3,42870,56
0x00007d762f7fb000,0x0000000b3b6c9000,0,0,0,0,1,0,3,42870,64
0x00007d762f7fb080,0x0000000b3b6c9080,0,0,0,0,1,0,3,42870,72
0x00007d762f7fb400,0x0000000b3b6c9400,0,0,0,0,1,0,3,42870,80
0x00007d762f7fb480,0x0000000b3b6c9480,0,0,0,0,1,0,3,42870,88
0x00007d762f7fb800,0x0000000b3b6c9800,0,0,0,0,1,0,3,42870,96
0x00007d762f7fb880,0x0000000b3b6c9880,0,0,0,0,1,0,3,42870,104
0x00007d762f7fbc00,0x0000000b3b6c9c00,0,0,0,0,1,0,3,42870,112
0x00007d762f7fbc80,0x0000000b3b6c9c80,0,0,0,0,1,0,3,42870,120
0x00007d762f755000,0x0000000b3b6ca000,0,0,0,0,1,0,3,42870,128
0x00007d762f755080,0x0000000b3b6ca080,0,0,0,0,1,0,3,42870,136
0x00007d762f755400,0x0000000b3b6ca400,0,0,0,0,1,0,3,42870,144
0x00007d762f755480,0x0000000b3b6ca480,0,0,0,0,1,0,3,42870,152
0x00007d762f755800,0x0000000b3b6ca800,0,0,0,0,1,0,3,42870,160
0x00007d762f755880,0x0000000b3b6ca880,0,0,0,0,1,0,3,42870,168
0x00007d762f755c00,0x0000000b3b6cac00,0,0,0,0,1,0,3,42870,176
0x00007d762f755c80,0x0000000b3b6cac80,0,0,0,0,1,0,3,42870,184
0x00007d762f752000,0x0000000b3b6cd000,0,0,0,0,1,0,3,42870,320
0x00007d762f752080,0x0000000b3b6cd080,0,0,0,0,1,0,3,42870,328
0x00007d762f752400,0x0000000b3b6cd400,0,0,0,0,1,0,3,42870,336
0x00007d762f752480,0x0000000b3b6cd480,0,0,0,0,1,0,3,42870,344
0x00007d762f752800,0x0000000b3b6cd800,0,0,0,0,1,0,3,42870,352
0x00007d762f752880,0x0000000b3b6cd880,0,0,0,0,1,0,3,42870,360
0x00007d762f752c00,0x0000000b3b6cdc00,0,0,0,0,1,0,3,42870,368
0x00007d762f752c80,0x0000000b3b6cdc80,0,0,0,0,1,0,3,42870,376
0x00007d762f7c3000,0x0000000b3b6ce000,0,0,0,0,1,0,3,42870,384
0x00007d762f7c3080,0x0000000b3b6ce080,0,0,0,0,1,0,3,42870,392
0x00007d762f7c3400,0x0000000b3b6ce400,0,0,0,0,1,0,3,42870,400
0x00007d762f7c3480,0x0000000b3b6ce480,0,0,0,0,1,0,3,42870,408
0x00007d762f7c3800,0x0000000b3b6ce800,0,0,0,0,1,0,3,42870,416
0x00007d762f7c3880,0x0000000b3b6ce880,0,0,0,0,1,0,3,42870,424
0x00007d762f7c3c00,0x0000000b3b6cec00,0,0,0,0,1,0,3,42870,432
0x00007d762f7c3c80,0x0000000b3b6cec80,0,0,0,0,1,0,3,42870,440
0x00007d762f6e4000,0x0000000b89668000,0,0,0,0,1,0,3,45347,0
0x00007d762f6e4080,0x0000000b89668080,0,0,0,0,1,0,3,45347,8
0x00007d762f6e4400,0x0000000b89668400,0,0,0,0,1,0,3,45347,16
0x00007d762f6e4480,0x0000000b89668480,0,0,0,0,1,0,3,45347,24
0x00007d762f6e4800,0x0000000b89668800,0,0,0,0,1,0,3,45347,32
0x00007d762f6e4880,0x0000000b89668880,0,0,0,0,1,0,3,45347,40
0x00007d762f6e4c00,0x0000000b89668c00,0,0,0,0,1,0,3,45347,48
0x00007d762f6e4c80,0x0000000b89668c80,0,0,0,0,1,0,3,45347,56
0x00007d762f6db000,0x0000000b89669000,0,0,0,0,1,0,3,45347,64
0x00007d762f6db080,0x0000000b89669080,0,0,0,0,1,0,3,45347,72
0x00007d762f6db400,0x0000000b89669400,0,0,0,0,1,0,3,45347,80
0x00007d762f6db480,0x0000000b89669480,0,0,0,0,1,0,3,45347,88
0x00007d762f6db800,0x0000000b89669800,0,0,0,0,1,0,3,45347,96
0x00007d762f6db880,0x0000000b89669880,0,0,0,0,1,0,3,45347,104
0x00007d762f6dbc00,0x0000000b89669c00,0,0,0,0,1,0,3,45347,112
0x00007d762f6dbc80,0x0000000b89669c80,0,0,0,0,1,0,3,45347,120
0x00007d762f83f000,0x0000000b8966a000,0,0,0,0,1,0,3,45347,128
0x00007d762f83f080,0x0000000b8966a080,0,0,0,0,1,0,3,45347,136
0x00007d762f83f400,0x0000000b8966a400,0,0,0,0,1,0,3,45347,144
0x00007d762f83f480,0x0000000b8966a480,0,0,0,0,1,0,3,45347,152
0x00007d762f83f800,0x0000000b8966a800,0,0,0,0,1,0,3,45347,160
0x00007d762f83f880,0x0000000b8966a880,0,0,0,0,1,0,3,45347,168
0x00007d762f83fc00,0x0000000b8966ac00,0,0,0,0,1,0,3,45347,176
0x00007d762f83fc80,0x0000000b8966ac80,0,0,0,0,1,0,3,45347,184
0x00007d762f621000,0x0000000b8966b000,0,0,0,0,1,0,3,45347,192
0x00007d762f621080,0x0000000b8966b080,0,0,0,0,1,0,3,45347,200
0x00007d762f621400,0x0000000b8966b400,0,0,0,0,1,0,3,45347,208
0x00007d762f621480,0x0000000b8966b480,0,0,0,0,1,0,3,45347,216
0x00007d762f621800,0x0000000b8966b800,0,0,0,0,1,0,3,45347,224
0x00007d762f621880,0x0000000b8966b880,0,0,0,0,1,0,3,45347,232
0x00007d762f621c00,0x0000000b8966bc00,0,0,0,0,1,0,3,45347,240
0x00007d762f621c80,0x0000000b8966bc80,0,0,0,0,1,0,3,45347,248
0x00007d762f6f0000,0x0000000b8966e000,0,0,0,0,1,0,3,45347,384
0x00007d762f6f0080,0x0000000b8966e080,0,0,0,0,1,0,3,45347,392
0x00007d762f6f0400,0x0000000b8966e400,0,0,0,0,1,0,3,45347,400
0x00007d762f6f0480,0x0000000b8966e480,0,0,0,0,1,0,3,45347,408
0x00007d762f6f0800,0x0000000b8966e800,0,0,0,0,1,0,3,45347,416
0x00007d762f6f0880,0x0000000b8966e880,0,0,0,0,1,0,3,45347,424
0x00007d762f6f0c00,0x0000000b8966ec00,0,0,0,0,1,0,3,45347,432
0x00007d762f6f0c80,0x0000000b8966ec80,0,0,0,0,1,0,3,45347,440
0x00007d762f796000,0x0000000bceee8000,0,0,0,0,1,0,3,47567,0
0x00007d762f796080,0x0000000bceee8080,0,0,0,0,1,0,3,47567,8
0x00007d762f796400,0x0000000bceee8400,0,0,0,0,1,0,3,47567,16
0x00007d762f796480,0x0000000bceee8480,0,0,0,0,1,0,3,47567,24
0x00007d762f796800,0x0000000bceee8800,0,0,0,0,1,0,3,47567,32
0x00007d762f796880,0x0000000bceee8880,0,0,0,0,1,0,3,47567,40
0x00007d762f796c00,0x0000000bceee8c00,0,0,0,0,1,0,3,47567,48
0x00007d762f796c80,0x0000000bceee8c80,0,0,0,0,1,0,3,47567,56
0x00007d762f82b000,0x0000000bceee9000,0,0,0,0,1,0,3,47567,64
0x00007d762f82b080,0x0000000bceee9080,0,0,0,0,1,0,3,47567,72
0x00007d762f82b400,0x0000000bceee9400,0,0,0,0,1,0,3,47567,80
0x00007d762f82b480,0x0000000bceee9480,0,0,0,0,1,0,3,47567,88
0x00007d762f82b800,0x0000000bceee9800,0,0,0,0,1,0,3,47567,96
0x00007d762f82b880,0x0000000bceee9880,0,0,0,0,1,0,3,47567,104
0x00007d762f82bc00,0x0000000bceee9c00,0,0,0,0,1,0,3,47567,112
0x00007d762f82bc80,0x0000000bceee9c80,0,0,0,0,1,0,3,47567,120
0x00007d762f8d7000,0x0000000bceeea000,0,0,0,0,1,0,3,47567,128
0x00007d762f8d7080,0x0000000bceeea080,0,0,0,0,1,0,3,47567,136
0x00007d762f8d7400,0x0000000bceeea400,0,0,0,0,1,0,3,47567,144
0x00007d762f8d7480,0x0000000bceeea480,0,0,0,0,1,0,3,47567,152
0x00007d762f8d7800,0x0000000bceeea800,0,0,0,0,1,0,3,47567,160
0x00007d762f8d7880,0x0000000bceeea880,0,0,0,0,1,0,3,47567,168
0x00007d762f8d7c00,0x0000000bceeeac00,0,0,0,0,1,0,3,47567,176
0x00007d762f8d7c80,0x0000000bceeeac80,0,0,0,0,1,0,3,47567,184
0x00007d762f86f000,0x0000000bceeeb000,0,0,0,0,1,0,3,47567,192
0x00007d762f86f080,0x0000000bceeeb080,0,0,0,0,1,0,3,47567,200
0x00007d762f86f400,0x0000000bceeeb400,0,0,0,0,1,0,3,47567,208
0x00007d762f86f480,0x0000000bceeeb480,0,0,0,0,1,0,3,47567,216
0x00007d762f86f800,0x0000000bceeeb800,0,0,0,0,1,0,3,47567,224
0x00007d762f86f880,0x0000000bceeeb880,0,0,0,0,1,0,3,47567,232
0x00007d762f86fc00,0x0000000bceeebc00,0,0,0,0,1,0,3,47567,240
0x00007d762f86fc80,0x0000000bceeebc80,0,0,0,0,1,0,3,47567,248
0x00007d762f6c0000,0x0000000bceeec000,0,0,0,0,1,0,3,47567,256
0x00007d762f6c0080,0x0000000bceeec080,0,0,0,0,1,0,3,47567,264
0x00007d762f6c0400,0x0000000bceeec400,0,0,0,0,1,0,3,47567,272
0x00007d762f6c0480,0x0000000bceeec480,0,0,0,0,1,0,3,47567,280
0x00007d762f6c0800,0x0000000bceeec800,0,0,0,0,1,0,3,47567,288
0x00007d762f6c0880,0x0000000bceeec880,0,0,0,0,1,0,3,47567,296
0x00007d762f6c0c00,0x0000000bceeecc00,0,0,0,0,1,0,3,47567,304
0x00007d762f6c0c80,0x0000000bceeecc80,0,0,0,0,1,0,3,47567,312
0x00007d762f82c000,0x0000000bceeee000,0,0,0,0,1,0,3,47567,384
0x00007d762f82c080,0x0000000bceeee080,0,0,0,0,1,0,3,47567,392
0x00007d762f82c400,0x0000000bceeee400,0,0,0,0,1,0,3,47567,400
0x00007d762f82c480,0x0000000bceeee480,0,0,0,0,1,0,3,47567,408
0x00007d762f82c800,0x0000000bceeee800,0,0,0,0,1,0,3,47567,416
0x00007d762f82c880,0x0000000bceeee880,0,0,0,0,1,0,3,47567,424
0x00007d762f82cc00,0x0000000bceeeec00,0,0,0,0,1,0,3,47567,432
0x00007d762f82cc80,0x0000000bceeeec80,0,0,0,0,1,0,3,47567,440
0x00007d762f770000,0x0000000bceeef000,0,0,0,0,1,0,3,47567,448
0x00007d762f770080,0x0000000bceeef080,0,0,0,0,1,0,3,47567,456
0x00007d762f770400,0x0000000bceeef400,0,0,0,0,1,0,3,47567,464
0x00007d762f770480,0x0000000bceeef480,0,0,0,0,1,0,3,47567,472
0x00007d762f770800,0x0000000bceeef800,0,0,0,0,1,0,3,47567,480
0x00007d762f770880,0x0000000bceeef880,0,0,0,0,1,0,3,47567,488
0x00007d762f770c00,0x0000000bceeefc00,0,0,0,0,1,0,3,47567,496
0x00007d762f770c80,0x0000000bceeefc80,0,0,0,0,1,0,3,47567,504
0x00007d762f721000,0x0000000c64628000,0,0,0,0,1,0,3,48273,0
0x00007d762f721080,0x0000000c64628080,0,0,0,0,1,0,3,48273,8
0x00007d762f721400,0x0000000c64628400,0,0,0,0,1,0,3,48273,16
0x00007d762f721480,0x0000000c64628480,0,0,0,0,1,0,3,48273,24
0x00007d762f721800,0x0000000c64628800,0,0,0,0,1,0,3,48273,32
0x00007d762f721880,0x0000000c64628880,0,0,0,0,1,0,3,48273,40
0x00007d762f721c00,0x0000000c64628c00,0,0,0,0,1,0,3,48273,48
0x00007d762f721c80,0x0000000c64628c80,0,0,0,0,1,0,3,48273,56
0x00007d762f888000,0x0000000c6462b000,0,0,0,0,1,0,3,48273,192
0x00007d762f888080,0x0000000c6462b080,0,0,0,0,1,0,3,48273,200
0x00007d762f888400,0x0000000c6462b400,0,0,0,0,1,0,3,48273,208
0x00007d762f888480,0x0000000c6462b480,0,0,0,0,1,0,3,48273,216
0x00007d762f888800,0x0000000c6462b800,0,0,0,0,1,0,3,48273,224
0x00007d762f888880,0x0000000c6462b880,0,0,0,0,1,0,3,48273,232
0x00007d762f888c00,0x0000000c6462bc00,0,0,0,0,1,0,3,48273,240
0x00007d762f888c80,0x0000000c6462bc80,0,0,0,0,1,0,3,48273,248
0x00007d762f623000,0x0000000c6462c000,0,0,0,0,1,0,3,48273,256
0x00007d762f623080,0x0000000c6462c080,0,0,0,0,1,0,3,48273,264
0x00007d762f623400,0x0000000c6462c400,0,0,0,0,1,0,3,48273,272
0x00007d762f623480,0x0000000c6462c480,0,0,0,0,1,0,3,48273,280
0x00007d762f623800,0x0000000c6462c800,0,0,0,0,1,0,3,48273,288
0x00007d762f623880,0x0000000c6462c880,0,0,0,0,1,0,3,48273,296
0x00007d762f623c00,0x0000000c6462cc00,0,0,0,0,1,0,3,48273,304
0x00007d762f623c80,0x0000000c6462cc80,0,0,0,0,1,0,3,48273,312
0x00007d762f6bb000,0x0000000c6462f000,0,0,0,0,1,0,3,48273,448
0x00007d762f6bb080,0x0000000c6462f080,0,0,0,0,1,0,3,48273,456
0x00007d762f6bb400,0x0000000c6462f400,0,0,0,0,1,0,3,48273,464
0x00007d762f6bb480,0x0000000c6462f480,0,0,0,0,1,0,3,48273,472
0x00007d762f6bb800,0x0000000c6462f800,0,0,0,0,1,0,3,48273,480
0x00007d762f6bb880,0x0000000c6462f880,0,0,0,0,1,0,3,48273,488
0x00007d762f6bbc00,0x0000000c6462fc00,0,0,0,0,1,0,3,48273,496
0x00007d762f6bbc80,0x0000000c6462fc80,0,0,0,0,1,0,3,48273,504
0x00007d762f7ac000,0x0000000beb618000,0,0,0,0,1,0,3,48480,512
0x00007d762f7ac080,0x0000000beb618080,0,0,0,0,1,0,3,48480,520
0x00007d762f7ac400,0x0000000beb618400,0,0,0,0,1,0,3,48480,528
0x00007d762f7ac480,0x0000000beb618480,0,0,0,0,1,0,3,48480,536
0x00007d762f7ac800,0x0000000beb618800,0,0,0,0,1,0,3,48480,544
0x00007d762f7ac880,0x0000000beb618880,0,0,0,0,1,0,3,48480,552
0x00007d762f7acc00,0x0000000beb618c00,0,0,0,0,1,0,3,48480,560
0x00007d762f7acc80,0x0000000beb618c80,0,0,0,0,1,0,3,48480,568
0x00007d762f802000,0x0000000beb619000,0,0,0,0,1,0,3,48480,576
0x00007d762f802080,0x0000000beb619080,0,0,0,0,1,0,3,48480,584
0x00007d762f802400,0x0000000beb619400,0,0,0,0,1,0,3,48480,592
0x00007d762f802480,0x0000000beb619480,0,0,0,0,1,0,3,48480,600
0x00007d762f802800,0x0000000beb619800,0,0,0,0,1,0,3,48480,608
0x00007d762f802880,0x0000000beb619880,0,0,0,0,1,0,3,48480,616
0x00007d762f802c00,0x0000000beb619c00,0,0,0,0,1,0,3,48480,624
0x00007d762f802c80,0x0000000beb619c80,0,0,0,0,1,0,3,48480,632
0x00007d762f64d000,0x0000000beb61a000,0,0,0,0,1,0,3,48480,640
0x00007d762f64d080,0x0000000beb61a080,0,0,0,0,1,0,3,48480,648
0x00007d762f64d400,0x0000000beb61a400,0,0,0,0,1,0,3,48480,656
0x00007d762f64d480,0x0000000beb61a480,0,0,0,0,1,0,3,48480,664
0x00007d762f64d800,0x0000000beb61a800,0,0,0,0,1,0,3,48480,672
0x00007d762f64d880,0x0000000beb61a880,0,0,0,0,1,0,3,48480,680
0x00007d762f64dc00,0x0000000beb61ac00,0,0,0,0,1,0,3,48480,688
0x00007d762f64dc80,0x0000000beb61ac80,0,0,0,0,1,0,3,48480,696
0x00007d762f699000,0x0000000beb61b000,0,0,0,0,1,0,3,48480,704
0x00007d762f699080,0x0000000beb61b080,0,0,0,0,1,0,3,48480,712
0x00007d762f699400,0x0000000beb61b400,0,0,0,0,1,0,3,48480,720
0x00007d762f699480,0x0000000beb61b480,0,0,0,0,1,0,3,48480,728
0x00007d762f699800,0x0000000beb61b800,0,0,0,0,1,0,3,48480,736
0x00007d762f699880,0x0000000beb61b880,0,0,0,0,1,0,3,48480,744
0x00007d762f699c00,0x0000000beb61bc00,0,0,0,0,1,0,3,48480,752
0x00007d762f699c80,0x0000000beb61bc80,0,0,0,0,1,0,3,48480,760
0x00007d762f6a7000,0x0000000beb61c000,0,0,0,0,1,0,3,48480,768
0x00007d762f6a7080,0x0000000beb61c080,0,0,0,0,1,0,3,48480,776
0x00007d762f6a7400,0x0000000beb61c400,0,0,0,0,1,0,3,48480,784
0x00007d762f6a7480,0x0000000beb61c480,0,0,0,0,1,0,3,48480,792
0x00007d762f6a7800,0x0000000beb61c800,0,0,0,0,1,0,3,48480,800
0x00007d762f6a7880,0x0000000beb61c880,0,0,0,0,1,0,3,48480,808
0x00007d762f6a7c00,0x0000000beb61cc00,0,0,0,0,1,0,3,48480,816
0x00007d762f6a7c80,0x0000000beb61cc80,0,0,0,0,1,0,3,48480,824
0x00007d762f6a3000,0x0000000beb61d000,0,0,0,0,1,0,3,48480,832
0x00007d762f6a3080,0x0000000beb61d080,0,0,0,0,1,0,3,48480,840
0x00007d762f6a3400,0x0000000beb61d400,0,0,0,0,1,0,3,48480,848
0x00007d762f6a3480,0x0000000beb61d480,0,0,0,0,1,0,3,48480,856
0x00007d762f6a3800,0x0000000beb61d800,0,0,0,0,1,0,3,48480,864
0x00007d762f6a3880,0x0000000beb61d880,0,0,0,0,1,0,3,48480,872
0x00007d762f6a3c00,0x0000000beb61dc00,0,0,0,0,1,0,3,48480,880
0x00007d762f6a3c80,0x0000000beb61dc80,0,0,0,0,1,0,3,48480,888
0x00007d762f6ac000,0x0000000beb61e000,0,0,0,0,1,0,3,48480,896
0x00007d762f6ac080,0x0000000beb61e080,0,0,0,0,1,0,3,48480,904
0x00007d762f6ac400,0x0000000beb61e400,0,0,0,0,1,0,3,48480,912
0x00007d762f6ac480,0x0000000beb61e480,0,0,0,0,1,0,3,48480,920
0x00007d762f6ac800,0x0000000beb61e800,0,0,0,0,1,0,3,48480,928
0x00007d762f6ac880,0x0000000beb61e880,0,0,0,0,1,0,3,48480,936
0x00007d762f6acc00,0x0000000beb61ec00,0,0,0,0,1,0,3,48480,944
0x00007d762f6acc80,0x0000000beb61ec80,0,0,0,0,1,0,3,48480,952
0x00007d762f77b000,0x0000000beb61f000,0,0,0,0,1,0,3,48480,960
0x00007d762f77b080,0x0000000beb61f080,0,0,0,0,1,0,3,48480,968
0x00007d762f77b400,0x0000000beb61f400,0,0,0,0,1,0,3,48480,976
0x00007d762f77b480,0x0000000beb61f480,0,0,0,0,1,0,3,48480,984
0x00007d762f77b800,0x0000000beb61f800,0,0,0,0,1,0,3,48480,992
0x00007d762f77b880,0x0000000beb61f880,0,0,0,0,1,0,3,48480,1000
0x00007d762f77bc00,0x0000000beb61fc00,0,0,0,0,1,0,3,48480,1008
0x00007d762f77bc80,0x0000000beb61fc80,0,0,0,0,1,0,3,48480,1016
